year,iso3,country,who_region,latitude,longitude,syndrome,confirmed_cases,deaths,recovered,case_fatality_rate,hospitalized,icu_admissions,human_to_human_cases,mortality_rate_per_100k
1995,ARG,Argentina,AMRO,-34.6,-58.4,HPS,90,34,56,0.3778,80,34,1,37.36
1996,ARG,Argentina,AMRO,-34.6,-58.4,HPS,75,16,59,0.2133,69,29,4,21.05
1997,ARG,Argentina,AMRO,-34.6,-58.4,HPS,60,23,37,0.3833,54,16,0,37.7
1998,ARG,Argentina,AMRO,-34.6,-58.4,HPS,62,16,46,0.2581,53,20,1,25.4
1999,ARG,Argentina,AMRO,-34.6,-58.4,HPS,81,19,62,0.2346,65,23,2,23.17
2000,ARG,Argentina,AMRO,-34.6,-58.4,HPS,100,24,76,0.24,85,36,0,23.76
2001,ARG,Argentina,AMRO,-34.6,-58.4,HPS,104,25,79,0.2404,79,42,8,23.81
2002,ARG,Argentina,AMRO,-34.6,-58.4,HPS,117,30,87,0.2564,90,40,4,25.42
2003,ARG,Argentina,AMRO,-34.6,-58.4,HPS,77,23,54,0.2987,58,30,1,29.49
2004,ARG,Argentina,AMRO,-34.6,-58.4,HPS,91,24,67,0.2637,77,31,1,26.09
2005,ARG,Argentina,AMRO,-34.6,-58.4,HPS,96,33,63,0.3438,90,46,4,34.02
2006,ARG,Argentina,AMRO,-34.6,-58.4,HPS,98,22,76,0.2245,77,20,2,22.22
2007,ARG,Argentina,AMRO,-34.6,-58.4,HPS,87,22,65,0.2529,79,28,1,25.0
2008,ARG,Argentina,AMRO,-34.6,-58.4,HPS,106,24,82,0.2264,96,26,8,22.43
2009,ARG,Argentina,AMRO,-34.6,-58.4,HPS,122,29,93,0.2377,91,45,6,23.58
2010,ARG,Argentina,AMRO,-34.6,-58.4,HPS,112,39,73,0.3482,85,30,1,34.51
2011,ARG,Argentina,AMRO,-34.6,-58.4,HPS,105,33,72,0.3143,85,22,2,31.13
2012,ARG,Argentina,AMRO,-34.6,-58.4,HPS,74,25,49,0.3378,64,33,2,33.33
2013,ARG,Argentina,AMRO,-34.6,-58.4,HPS,68,23,45,0.3382,61,25,4,33.33
2014,ARG,Argentina,AMRO,-34.6,-58.4,HPS,96,29,67,0.3021,80,20,0,29.9
2015,ARG,Argentina,AMRO,-34.6,-58.4,HPS,84,27,57,0.3214,68,27,6,31.76
2016,ARG,Argentina,AMRO,-34.6,-58.4,HPS,98,27,71,0.2755,88,28,0,27.27
2017,ARG,Argentina,AMRO,-34.6,-58.4,HPS,94,22,72,0.234,87,42,4,23.16
2018,ARG,Argentina,AMRO,-34.6,-58.4,HPS,111,39,72,0.3514,87,45,4,34.82
2019,ARG,Argentina,AMRO,-34.6,-58.4,HPS,99,36,63,0.3636,80,22,1,36.0
2020,ARG,Argentina,AMRO,-34.6,-58.4,HPS,86,30,56,0.3488,79,19,3,34.48
2021,ARG,Argentina,AMRO,-34.6,-58.4,HPS,97,24,73,0.2474,75,26,7,24.49
2022,ARG,Argentina,AMRO,-34.6,-58.4,HPS,104,31,73,0.2981,92,33,8,29.52
2023,ARG,Argentina,AMRO,-34.6,-58.4,HPS,146,37,109,0.2534,124,42,3,25.17
2024,ARG,Argentina,AMRO,-34.6,-58.4,HPS,85,27,58,0.3176,72,19,1,31.4
2025,ARG,Argentina,AMRO,-34.6,-58.4,HPS,118,29,89,0.2458,91,36,9,24.37
1993,BRA,Brazil,AMRO,-15.8,-47.9,HPS,39,15,24,0.3846,35,11,0,37.5
1994,BRA,Brazil,AMRO,-15.8,-47.9,HPS,55,17,38,0.3091,48,21,0,30.36
1995,BRA,Brazil,AMRO,-15.8,-47.9,HPS,52,13,39,0.25,47,16,0,24.53
1996,BRA,Brazil,AMRO,-15.8,-47.9,HPS,41,10,31,0.2439,35,15,0,23.81
1997,BRA,Brazil,AMRO,-15.8,-47.9,HPS,32,11,21,0.3438,25,11,0,33.33
1998,BRA,Brazil,AMRO,-15.8,-47.9,HPS,32,12,20,0.375,26,13,0,36.36
1999,BRA,Brazil,AMRO,-15.8,-47.9,HPS,33,10,23,0.303,25,13,0,29.41
2000,BRA,Brazil,AMRO,-15.8,-47.9,HPS,55,16,39,0.2909,48,23,0,28.57
2001,BRA,Brazil,AMRO,-15.8,-47.9,HPS,54,19,35,0.3519,43,11,0,34.55
2002,BRA,Brazil,AMRO,-15.8,-47.9,HPS,65,28,37,0.4308,56,19,0,42.42
2003,BRA,Brazil,AMRO,-15.8,-47.9,HPS,47,18,29,0.383,43,22,0,37.5
2004,BRA,Brazil,AMRO,-15.8,-47.9,HPS,51,19,32,0.3725,39,11,0,36.54
2005,BRA,Brazil,AMRO,-15.8,-47.9,HPS,50,18,32,0.36,37,10,0,35.29
2006,BRA,Brazil,AMRO,-15.8,-47.9,HPS,46,11,35,0.2391,35,14,0,23.4
2007,BRA,Brazil,AMRO,-15.8,-47.9,HPS,54,20,34,0.3704,42,19,0,36.36
2008,BRA,Brazil,AMRO,-15.8,-47.9,HPS,48,15,33,0.3125,43,19,0,30.61
2009,BRA,Brazil,AMRO,-15.8,-47.9,HPS,68,26,42,0.3824,58,16,0,37.68
2010,BRA,Brazil,AMRO,-15.8,-47.9,HPS,50,15,35,0.3,39,21,0,29.41
2011,BRA,Brazil,AMRO,-15.8,-47.9,HPS,45,19,26,0.4222,39,19,0,41.3
2012,BRA,Brazil,AMRO,-15.8,-47.9,HPS,44,16,28,0.3636,37,11,0,35.56
2013,BRA,Brazil,AMRO,-15.8,-47.9,HPS,51,15,36,0.2941,38,16,0,28.85
2014,BRA,Brazil,AMRO,-15.8,-47.9,HPS,43,19,24,0.4419,40,20,0,43.18
2015,BRA,Brazil,AMRO,-15.8,-47.9,HPS,55,13,42,0.2364,51,19,0,23.21
2016,BRA,Brazil,AMRO,-15.8,-47.9,HPS,75,33,42,0.44,69,23,0,43.42
2017,BRA,Brazil,AMRO,-15.8,-47.9,HPS,53,22,31,0.4151,43,12,0,40.74
2018,BRA,Brazil,AMRO,-15.8,-47.9,HPS,51,22,29,0.4314,45,18,0,42.31
2019,BRA,Brazil,AMRO,-15.8,-47.9,HPS,36,13,23,0.3611,34,9,0,35.14
2020,BRA,Brazil,AMRO,-15.8,-47.9,HPS,48,20,28,0.4167,43,19,0,40.82
2021,BRA,Brazil,AMRO,-15.8,-47.9,HPS,60,19,41,0.3167,48,23,0,31.15
2022,BRA,Brazil,AMRO,-15.8,-47.9,HPS,70,29,41,0.4143,65,26,0,40.85
2023,BRA,Brazil,AMRO,-15.8,-47.9,HPS,63,25,38,0.3968,55,25,0,39.06
2024,BRA,Brazil,AMRO,-15.8,-47.9,HPS,67,28,39,0.4179,54,19,0,41.18
2025,BRA,Brazil,AMRO,-15.8,-47.9,HPS,41,15,26,0.3659,31,12,0,35.71
1995,CHL,Chile,AMRO,-33.4,-70.7,HPS,45,12,33,0.2667,39,10,0,26.09
1996,CHL,Chile,AMRO,-33.4,-70.7,HPS,48,14,34,0.2917,37,15,2,28.57
1997,CHL,Chile,AMRO,-33.4,-70.7,HPS,31,10,21,0.3226,23,6,1,31.25
1998,CHL,Chile,AMRO,-33.4,-70.7,HPS,34,11,23,0.3235,30,16,1,31.43
1999,CHL,Chile,AMRO,-33.4,-70.7,HPS,32,12,20,0.375,25,9,0,36.36
2000,CHL,Chile,AMRO,-33.4,-70.7,HPS,31,12,19,0.3871,28,12,1,37.5
2001,CHL,Chile,AMRO,-33.4,-70.7,HPS,38,9,29,0.2368,30,12,2,23.08
2002,CHL,Chile,AMRO,-33.4,-70.7,HPS,51,14,37,0.2745,47,22,2,26.92
2003,CHL,Chile,AMRO,-33.4,-70.7,HPS,47,14,33,0.2979,37,13,2,29.17
2004,CHL,Chile,AMRO,-33.4,-70.7,HPS,30,7,23,0.2333,22,5,2,22.58
2005,CHL,Chile,AMRO,-33.4,-70.7,HPS,39,12,27,0.3077,30,11,1,30.0
2006,CHL,Chile,AMRO,-33.4,-70.7,HPS,31,9,22,0.2903,25,10,1,28.12
2007,CHL,Chile,AMRO,-33.4,-70.7,HPS,33,9,24,0.2727,28,11,2,26.47
2008,CHL,Chile,AMRO,-33.4,-70.7,HPS,52,13,39,0.25,39,17,0,24.53
2009,CHL,Chile,AMRO,-33.4,-70.7,HPS,52,21,31,0.4038,44,16,2,39.62
2010,CHL,Chile,AMRO,-33.4,-70.7,HPS,46,15,31,0.3261,43,15,3,31.91
2011,CHL,Chile,AMRO,-33.4,-70.7,HPS,50,13,37,0.26,38,10,0,25.49
2012,CHL,Chile,AMRO,-33.4,-70.7,HPS,30,10,20,0.3333,22,7,2,32.26
2013,CHL,Chile,AMRO,-33.4,-70.7,HPS,30,11,19,0.3667,24,6,1,35.48
2014,CHL,Chile,AMRO,-33.4,-70.7,HPS,48,18,30,0.375,43,21,1,36.73
2015,CHL,Chile,AMRO,-33.4,-70.7,HPS,42,15,27,0.3571,38,20,1,34.88
2016,CHL,Chile,AMRO,-33.4,-70.7,HPS,49,18,31,0.3673,40,21,3,36.0
2017,CHL,Chile,AMRO,-33.4,-70.7,HPS,48,17,31,0.3542,43,12,3,34.69
2018,CHL,Chile,AMRO,-33.4,-70.7,HPS,44,16,28,0.3636,35,18,1,35.56
2019,CHL,Chile,AMRO,-33.4,-70.7,HPS,30,11,19,0.3667,23,7,2,35.48
2020,CHL,Chile,AMRO,-33.4,-70.7,HPS,51,17,34,0.3333,44,16,1,32.69
2021,CHL,Chile,AMRO,-33.4,-70.7,HPS,43,15,28,0.3488,38,18,2,34.09
2022,CHL,Chile,AMRO,-33.4,-70.7,HPS,42,13,29,0.3095,31,12,1,30.23
2023,CHL,Chile,AMRO,-33.4,-70.7,HPS,66,19,47,0.2879,51,14,4,28.36
2024,CHL,Chile,AMRO,-33.4,-70.7,HPS,55,13,42,0.2364,42,19,0,23.21
2025,CHL,Chile,AMRO,-33.4,-70.7,HPS,53,19,34,0.3585,40,11,4,35.19
1997,BOL,Bolivia,AMRO,-16.5,-68.2,HPS,10,3,7,0.3,9,4,0,27.27
1998,BOL,Bolivia,AMRO,-16.5,-68.2,HPS,12,5,7,0.4167,9,2,0,38.46
1999,BOL,Bolivia,AMRO,-16.5,-68.2,HPS,11,4,7,0.3636,9,4,0,33.33
2000,BOL,Bolivia,AMRO,-16.5,-68.2,HPS,9,3,6,0.3333,6,2,0,30.0
2001,BOL,Bolivia,AMRO,-16.5,-68.2,HPS,10,2,8,0.2,7,3,0,18.18
2002,BOL,Bolivia,AMRO,-16.5,-68.2,HPS,15,5,10,0.3333,14,5,0,31.25
2003,BOL,Bolivia,AMRO,-16.5,-68.2,HPS,11,5,6,0.4545,8,4,0,41.67
2004,BOL,Bolivia,AMRO,-16.5,-68.2,HPS,8,3,5,0.375,6,3,0,33.33
2005,BOL,Bolivia,AMRO,-16.5,-68.2,HPS,10,4,6,0.4,7,2,0,36.36
2006,BOL,Bolivia,AMRO,-16.5,-68.2,HPS,13,5,8,0.3846,11,5,0,35.71
2007,BOL,Bolivia,AMRO,-16.5,-68.2,HPS,11,4,7,0.3636,9,4,0,33.33
2008,BOL,Bolivia,AMRO,-16.5,-68.2,HPS,10,3,7,0.3,9,4,0,27.27
2009,BOL,Bolivia,AMRO,-16.5,-68.2,HPS,14,5,9,0.3571,11,3,0,33.33
2010,BOL,Bolivia,AMRO,-16.5,-68.2,HPS,13,4,9,0.3077,11,3,0,28.57
2011,BOL,Bolivia,AMRO,-16.5,-68.2,HPS,14,6,8,0.4286,12,4,0,40.0
2012,BOL,Bolivia,AMRO,-16.5,-68.2,HPS,9,4,5,0.4444,7,2,0,40.0
2013,BOL,Bolivia,AMRO,-16.5,-68.2,HPS,13,5,8,0.3846,12,5,0,35.71
2014,BOL,Bolivia,AMRO,-16.5,-68.2,HPS,13,4,9,0.3077,12,6,0,28.57
2015,BOL,Bolivia,AMRO,-16.5,-68.2,HPS,11,2,9,0.1818,9,4,0,16.67
2016,BOL,Bolivia,AMRO,-16.5,-68.2,HPS,18,5,13,0.2778,15,5,0,26.32
2017,BOL,Bolivia,AMRO,-16.5,-68.2,HPS,17,7,10,0.4118,15,5,0,38.89
2018,BOL,Bolivia,AMRO,-16.5,-68.2,HPS,12,3,9,0.25,9,4,0,23.08
2019,BOL,Bolivia,AMRO,-16.5,-68.2,HPS,13,6,7,0.4615,12,4,0,42.86
2020,BOL,Bolivia,AMRO,-16.5,-68.2,HPS,13,6,7,0.4615,11,3,0,42.86
2021,BOL,Bolivia,AMRO,-16.5,-68.2,HPS,13,3,10,0.2308,12,5,0,21.43
2022,BOL,Bolivia,AMRO,-16.5,-68.2,HPS,13,5,8,0.3846,11,3,0,35.71
2023,BOL,Bolivia,AMRO,-16.5,-68.2,HPS,12,5,7,0.4167,10,4,0,38.46
2024,BOL,Bolivia,AMRO,-16.5,-68.2,HPS,15,6,9,0.4,12,5,0,37.5
2025,BOL,Bolivia,AMRO,-16.5,-68.2,HPS,15,5,10,0.3333,11,2,0,31.25
1995,PRY,Paraguay,AMRO,-25.3,-57.6,HPS,12,4,8,0.3333,10,3,0,30.77
1996,PRY,Paraguay,AMRO,-25.3,-57.6,HPS,8,1,7,0.125,6,2,0,11.11
1997,PRY,Paraguay,AMRO,-25.3,-57.6,HPS,8,2,6,0.25,7,2,0,22.22
1998,PRY,Paraguay,AMRO,-25.3,-57.6,HPS,8,3,5,0.375,6,2,0,33.33
1999,PRY,Paraguay,AMRO,-25.3,-57.6,HPS,10,4,6,0.4,7,3,0,36.36
2000,PRY,Paraguay,AMRO,-25.3,-57.6,HPS,9,2,7,0.2222,7,3,0,20.0
2001,PRY,Paraguay,AMRO,-25.3,-57.6,HPS,10,2,8,0.2,8,2,0,18.18
2002,PRY,Paraguay,AMRO,-25.3,-57.6,HPS,9,2,7,0.2222,6,1,0,20.0
2003,PRY,Paraguay,AMRO,-25.3,-57.6,HPS,9,3,6,0.3333,7,2,0,30.0
2004,PRY,Paraguay,AMRO,-25.3,-57.6,HPS,11,3,8,0.2727,9,2,0,25.0
2005,PRY,Paraguay,AMRO,-25.3,-57.6,HPS,7,1,6,0.1429,5,1,0,12.5
2006,PRY,Paraguay,AMRO,-25.3,-57.6,HPS,7,1,6,0.1429,5,1,0,12.5
2007,PRY,Paraguay,AMRO,-25.3,-57.6,HPS,8,2,6,0.25,6,2,0,22.22
2008,PRY,Paraguay,AMRO,-25.3,-57.6,HPS,9,3,6,0.3333,7,1,0,30.0
2009,PRY,Paraguay,AMRO,-25.3,-57.6,HPS,14,5,9,0.3571,10,3,0,33.33
2010,PRY,Paraguay,AMRO,-25.3,-57.6,HPS,12,4,8,0.3333,9,2,0,30.77
2011,PRY,Paraguay,AMRO,-25.3,-57.6,HPS,9,2,7,0.2222,7,2,0,20.0
2012,PRY,Paraguay,AMRO,-25.3,-57.6,HPS,8,3,5,0.375,6,1,0,33.33
2013,PRY,Paraguay,AMRO,-25.3,-57.6,HPS,11,4,7,0.3636,9,3,0,33.33
2014,PRY,Paraguay,AMRO,-25.3,-57.6,HPS,8,2,6,0.25,6,1,0,22.22
2015,PRY,Paraguay,AMRO,-25.3,-57.6,HPS,10,3,7,0.3,7,2,0,27.27
2016,PRY,Paraguay,AMRO,-25.3,-57.6,HPS,11,3,8,0.2727,8,4,0,25.0
2017,PRY,Paraguay,AMRO,-25.3,-57.6,HPS,12,4,8,0.3333,10,3,0,30.77
2018,PRY,Paraguay,AMRO,-25.3,-57.6,HPS,8,2,6,0.25,6,2,0,22.22
2019,PRY,Paraguay,AMRO,-25.3,-57.6,HPS,9,2,7,0.2222,7,2,0,20.0
2020,PRY,Paraguay,AMRO,-25.3,-57.6,HPS,10,3,7,0.3,8,4,0,27.27
2021,PRY,Paraguay,AMRO,-25.3,-57.6,HPS,12,3,9,0.25,9,2,0,23.08
2022,PRY,Paraguay,AMRO,-25.3,-57.6,HPS,11,2,9,0.1818,8,2,0,16.67
2023,PRY,Paraguay,AMRO,-25.3,-57.6,HPS,11,4,7,0.3636,8,3,0,33.33
2024,PRY,Paraguay,AMRO,-25.3,-57.6,HPS,12,5,7,0.4167,9,3,0,38.46
2025,PRY,Paraguay,AMRO,-25.3,-57.6,HPS,13,5,8,0.3846,11,3,0,35.71
2000,URY,Uruguay,AMRO,-34.9,-56.2,HPS,4,1,3,0.25,3,1,0,20.0
2001,URY,Uruguay,AMRO,-34.9,-56.2,HPS,5,1,4,0.2,4,1,0,16.67
2002,URY,Uruguay,AMRO,-34.9,-56.2,HPS,4,1,3,0.25,3,0,0,20.0
2003,URY,Uruguay,AMRO,-34.9,-56.2,HPS,4,1,3,0.25,3,1,0,20.0
2004,URY,Uruguay,AMRO,-34.9,-56.2,HPS,3,0,3,0.0,2,0,0,0.0
2005,URY,Uruguay,AMRO,-34.9,-56.2,HPS,3,0,3,0.0,2,1,0,0.0
2006,URY,Uruguay,AMRO,-34.9,-56.2,HPS,3,0,3,0.0,2,0,0,0.0
2007,URY,Uruguay,AMRO,-34.9,-56.2,HPS,5,1,4,0.2,4,1,0,16.67
2008,URY,Uruguay,AMRO,-34.9,-56.2,HPS,4,1,3,0.25,3,1,0,20.0
2009,URY,Uruguay,AMRO,-34.9,-56.2,HPS,4,1,3,0.25,3,0,0,20.0
2010,URY,Uruguay,AMRO,-34.9,-56.2,HPS,3,0,3,0.0,2,1,0,0.0
2011,URY,Uruguay,AMRO,-34.9,-56.2,HPS,4,1,3,0.25,3,0,0,20.0
2012,URY,Uruguay,AMRO,-34.9,-56.2,HPS,3,0,3,0.0,2,0,0,0.0
2013,URY,Uruguay,AMRO,-34.9,-56.2,HPS,3,1,2,0.3333,2,0,0,25.0
2014,URY,Uruguay,AMRO,-34.9,-56.2,HPS,4,1,3,0.25,3,1,0,20.0
2015,URY,Uruguay,AMRO,-34.9,-56.2,HPS,6,1,5,0.1667,4,2,0,14.29
2016,URY,Uruguay,AMRO,-34.9,-56.2,HPS,5,1,4,0.2,4,1,0,16.67
2017,URY,Uruguay,AMRO,-34.9,-56.2,HPS,4,1,3,0.25,3,1,0,20.0
2018,URY,Uruguay,AMRO,-34.9,-56.2,HPS,4,1,3,0.25,3,1,0,20.0
2019,URY,Uruguay,AMRO,-34.9,-56.2,HPS,4,1,3,0.25,3,1,0,20.0
2020,URY,Uruguay,AMRO,-34.9,-56.2,HPS,4,1,3,0.25,3,1,0,20.0
2021,URY,Uruguay,AMRO,-34.9,-56.2,HPS,5,1,4,0.2,4,1,0,16.67
2022,URY,Uruguay,AMRO,-34.9,-56.2,HPS,4,1,3,0.25,3,1,0,20.0
2023,URY,Uruguay,AMRO,-34.9,-56.2,HPS,6,1,5,0.1667,4,1,0,14.29
2024,URY,Uruguay,AMRO,-34.9,-56.2,HPS,6,1,5,0.1667,5,2,0,14.29
2025,URY,Uruguay,AMRO,-34.9,-56.2,HPS,4,1,3,0.25,3,1,0,20.0
1999,PAN,Panama,AMRO,9.0,-79.5,HPS,7,1,6,0.1429,5,2,0,12.5
2000,PAN,Panama,AMRO,9.0,-79.5,HPS,6,1,5,0.1667,5,2,0,14.29
2001,PAN,Panama,AMRO,9.0,-79.5,HPS,6,1,5,0.1667,5,2,0,14.29
2002,PAN,Panama,AMRO,9.0,-79.5,HPS,9,2,7,0.2222,8,2,0,20.0
2003,PAN,Panama,AMRO,9.0,-79.5,HPS,8,2,6,0.25,6,2,0,22.22
2004,PAN,Panama,AMRO,9.0,-79.5,HPS,8,2,6,0.25,6,1,0,22.22
2005,PAN,Panama,AMRO,9.0,-79.5,HPS,8,2,6,0.25,6,3,0,22.22
2006,PAN,Panama,AMRO,9.0,-79.5,HPS,8,2,6,0.25,6,2,0,22.22
2007,PAN,Panama,AMRO,9.0,-79.5,HPS,6,1,5,0.1667,5,1,0,14.29
2008,PAN,Panama,AMRO,9.0,-79.5,HPS,8,1,7,0.125,6,3,0,11.11
2009,PAN,Panama,AMRO,9.0,-79.5,HPS,8,1,7,0.125,7,2,0,11.11
2010,PAN,Panama,AMRO,9.0,-79.5,HPS,7,1,6,0.1429,5,1,0,12.5
2011,PAN,Panama,AMRO,9.0,-79.5,HPS,7,1,6,0.1429,6,2,0,12.5
2012,PAN,Panama,AMRO,9.0,-79.5,HPS,7,1,6,0.1429,5,2,0,12.5
2013,PAN,Panama,AMRO,9.0,-79.5,HPS,5,1,4,0.2,3,1,0,16.67
2014,PAN,Panama,AMRO,9.0,-79.5,HPS,6,1,5,0.1667,5,2,0,14.29
2015,PAN,Panama,AMRO,9.0,-79.5,HPS,7,2,5,0.2857,5,2,0,25.0
2016,PAN,Panama,AMRO,9.0,-79.5,HPS,8,1,7,0.125,6,2,0,11.11
2017,PAN,Panama,AMRO,9.0,-79.5,HPS,9,1,8,0.1111,8,3,0,10.0
2018,PAN,Panama,AMRO,9.0,-79.5,HPS,8,1,7,0.125,6,2,0,11.11
2019,PAN,Panama,AMRO,9.0,-79.5,HPS,5,1,4,0.2,4,2,0,16.67
2020,PAN,Panama,AMRO,9.0,-79.5,HPS,7,1,6,0.1429,6,2,0,12.5
2021,PAN,Panama,AMRO,9.0,-79.5,HPS,6,1,5,0.1667,5,2,0,14.29
2022,PAN,Panama,AMRO,9.0,-79.5,HPS,7,1,6,0.1429,5,2,0,12.5
2023,PAN,Panama,AMRO,9.0,-79.5,HPS,7,1,6,0.1429,6,1,0,12.5
2024,PAN,Panama,AMRO,9.0,-79.5,HPS,10,2,8,0.2,7,2,0,18.18
2025,PAN,Panama,AMRO,9.0,-79.5,HPS,10,3,7,0.3,9,3,0,27.27
1993,USA,United States,AMRO,38.9,-77.0,HPS,32,9,23,0.2812,25,12,0,27.27
1994,USA,United States,AMRO,38.9,-77.0,HPS,24,6,18,0.25,18,4,0,24.0
1995,USA,United States,AMRO,38.9,-77.0,HPS,28,10,18,0.3571,23,11,0,34.48
1996,USA,United States,AMRO,38.9,-77.0,HPS,37,12,25,0.3243,29,10,0,31.58
1997,USA,United States,AMRO,38.9,-77.0,HPS,29,8,21,0.2759,25,9,0,26.67
1998,USA,United States,AMRO,38.9,-77.0,HPS,26,9,17,0.3462,21,11,0,33.33
1999,USA,United States,AMRO,38.9,-77.0,HPS,30,8,22,0.2667,27,10,0,25.81
2000,USA,United States,AMRO,38.9,-77.0,HPS,37,15,22,0.4054,30,7,0,39.47
2001,USA,United States,AMRO,38.9,-77.0,HPS,30,11,19,0.3667,26,8,0,35.48
2002,USA,United States,AMRO,38.9,-77.0,HPS,29,12,17,0.4138,27,11,0,40.0
2003,USA,United States,AMRO,38.9,-77.0,HPS,28,8,20,0.2857,21,11,0,27.59
2004,USA,United States,AMRO,38.9,-77.0,HPS,24,9,15,0.375,19,7,0,36.0
2005,USA,United States,AMRO,38.9,-77.0,HPS,30,12,18,0.4,23,5,0,38.71
2006,USA,United States,AMRO,38.9,-77.0,HPS,23,10,13,0.4348,21,9,0,41.67
2007,USA,United States,AMRO,38.9,-77.0,HPS,34,13,21,0.3824,26,13,0,37.14
2008,USA,United States,AMRO,38.9,-77.0,HPS,35,11,24,0.3143,29,7,0,30.56
2009,USA,United States,AMRO,38.9,-77.0,HPS,31,12,19,0.3871,23,9,0,37.5
2010,USA,United States,AMRO,38.9,-77.0,HPS,31,10,21,0.3226,25,8,0,31.25
2011,USA,United States,AMRO,38.9,-77.0,HPS,35,11,24,0.3143,30,11,0,30.56
2012,USA,United States,AMRO,38.9,-77.0,HPS,31,14,17,0.4516,27,8,0,43.75
2013,USA,United States,AMRO,38.9,-77.0,HPS,22,6,16,0.2727,19,5,0,26.09
2014,USA,United States,AMRO,38.9,-77.0,HPS,34,12,22,0.3529,27,12,0,34.29
2015,USA,United States,AMRO,38.9,-77.0,HPS,31,8,23,0.2581,27,10,0,25.0
2016,USA,United States,AMRO,38.9,-77.0,HPS,43,14,29,0.3256,34,16,0,31.82
2017,USA,United States,AMRO,38.9,-77.0,HPS,43,17,26,0.3953,34,14,0,38.64
2018,USA,United States,AMRO,38.9,-77.0,HPS,30,8,22,0.2667,28,8,0,25.81
2019,USA,United States,AMRO,38.9,-77.0,HPS,36,12,24,0.3333,28,11,0,32.43
2020,USA,United States,AMRO,38.9,-77.0,HPS,37,15,22,0.4054,33,14,0,39.47
2021,USA,United States,AMRO,38.9,-77.0,HPS,39,16,23,0.4103,31,12,0,40.0
2022,USA,United States,AMRO,38.9,-77.0,HPS,35,16,19,0.4571,32,8,0,44.44
2023,USA,United States,AMRO,38.9,-77.0,HPS,46,20,26,0.4348,36,15,0,42.55
2024,USA,United States,AMRO,38.9,-77.0,HPS,47,12,35,0.2553,41,13,0,25.0
2025,USA,United States,AMRO,38.9,-77.0,HPS,42,19,23,0.4524,39,15,0,44.19
1994,CAN,Canada,AMRO,45.4,-75.7,HPS,4,1,3,0.25,3,1,0,20.0
1995,CAN,Canada,AMRO,45.4,-75.7,HPS,3,1,2,0.3333,2,0,0,25.0
1996,CAN,Canada,AMRO,45.4,-75.7,HPS,3,1,2,0.3333,2,0,0,25.0
1997,CAN,Canada,AMRO,45.4,-75.7,HPS,2,0,2,0.0,1,0,0,0.0
1998,CAN,Canada,AMRO,45.4,-75.7,HPS,2,0,2,0.0,1,0,0,0.0
1999,CAN,Canada,AMRO,45.4,-75.7,HPS,2,0,2,0.0,1,0,0,0.0
2000,CAN,Canada,AMRO,45.4,-75.7,HPS,4,1,3,0.25,3,1,0,20.0
2001,CAN,Canada,AMRO,45.4,-75.7,HPS,4,1,3,0.25,3,1,0,20.0
2002,CAN,Canada,AMRO,45.4,-75.7,HPS,3,1,2,0.3333,2,1,0,25.0
2003,CAN,Canada,AMRO,45.4,-75.7,HPS,4,1,3,0.25,3,1,0,20.0
2004,CAN,Canada,AMRO,45.4,-75.7,HPS,3,0,3,0.0,2,0,0,0.0
2005,CAN,Canada,AMRO,45.4,-75.7,HPS,2,0,2,0.0,1,0,0,0.0
2006,CAN,Canada,AMRO,45.4,-75.7,HPS,3,0,3,0.0,2,0,0,0.0
2007,CAN,Canada,AMRO,45.4,-75.7,HPS,3,1,2,0.3333,2,0,0,25.0
2008,CAN,Canada,AMRO,45.4,-75.7,HPS,3,1,2,0.3333,2,0,0,25.0
2009,CAN,Canada,AMRO,45.4,-75.7,HPS,5,1,4,0.2,4,1,0,16.67
2010,CAN,Canada,AMRO,45.4,-75.7,HPS,4,1,3,0.25,3,1,0,20.0
2011,CAN,Canada,AMRO,45.4,-75.7,HPS,3,0,3,0.0,2,0,0,0.0
2012,CAN,Canada,AMRO,45.4,-75.7,HPS,3,0,3,0.0,2,1,0,0.0
2013,CAN,Canada,AMRO,45.4,-75.7,HPS,4,1,3,0.25,3,0,0,20.0
2014,CAN,Canada,AMRO,45.4,-75.7,HPS,3,1,2,0.3333,2,0,0,25.0
2015,CAN,Canada,AMRO,45.4,-75.7,HPS,5,1,4,0.2,3,1,0,16.67
2016,CAN,Canada,AMRO,45.4,-75.7,HPS,5,1,4,0.2,3,1,0,16.67
2017,CAN,Canada,AMRO,45.4,-75.7,HPS,4,1,3,0.25,3,1,0,20.0
2018,CAN,Canada,AMRO,45.4,-75.7,HPS,4,1,3,0.25,3,1,0,20.0
2019,CAN,Canada,AMRO,45.4,-75.7,HPS,3,0,3,0.0,2,0,0,0.0
2020,CAN,Canada,AMRO,45.4,-75.7,HPS,4,1,3,0.25,3,0,0,20.0
2021,CAN,Canada,AMRO,45.4,-75.7,HPS,4,0,4,0.0,3,1,0,0.0
2022,CAN,Canada,AMRO,45.4,-75.7,HPS,4,1,3,0.25,3,1,0,20.0
2023,CAN,Canada,AMRO,45.4,-75.7,HPS,5,1,4,0.2,4,2,0,16.67
2024,CAN,Canada,AMRO,45.4,-75.7,HPS,5,1,4,0.2,4,2,0,16.67
2025,CAN,Canada,AMRO,45.4,-75.7,HPS,4,1,3,0.25,3,1,0,20.0
1950,CHN,China,WPRO,39.9,116.4,HFRS,11220,387,10833,0.0345,8770,4510,0,3.45
1951,CHN,China,WPRO,39.9,116.4,HFRS,14344,308,14036,0.0215,13127,3789,0,2.15
1952,CHN,China,WPRO,39.9,116.4,HFRS,12498,429,12069,0.0343,9775,4842,0,3.43
1953,CHN,China,WPRO,39.9,116.4,HFRS,16422,494,15928,0.0301,12337,4146,0,3.01
1954,CHN,China,WPRO,39.9,116.4,HFRS,13960,539,13421,0.0386,12234,4012,0,3.86
1955,CHN,China,WPRO,39.9,116.4,HFRS,12448,382,12066,0.0307,11277,3181,0,3.07
1956,CHN,China,WPRO,39.9,116.4,HFRS,12137,373,11764,0.0307,11440,4033,0,3.07
1957,CHN,China,WPRO,39.9,116.4,HFRS,11926,450,11476,0.0377,9189,4880,0,3.77
1958,CHN,China,WPRO,39.9,116.4,HFRS,13967,310,13657,0.0222,11315,5232,0,2.22
1959,CHN,China,WPRO,39.9,116.4,HFRS,11262,354,10908,0.0314,9225,4024,0,3.14
1960,CHN,China,WPRO,39.9,116.4,HFRS,11480,421,11059,0.0367,10845,5863,0,3.67
1961,CHN,China,WPRO,39.9,116.4,HFRS,15640,365,15275,0.0233,14101,3629,0,2.33
1962,CHN,China,WPRO,39.9,116.4,HFRS,9358,251,9107,0.0268,7933,3816,0,2.68
1963,CHN,China,WPRO,39.9,116.4,HFRS,12346,358,11988,0.029,9935,5455,0,2.9
1964,CHN,China,WPRO,39.9,116.4,HFRS,11344,330,11014,0.0291,8879,4336,0,2.91
1965,CHN,China,WPRO,39.9,116.4,HFRS,14741,368,14373,0.025,11298,5130,0,2.5
1966,CHN,China,WPRO,39.9,116.4,HFRS,16291,422,15869,0.0259,15316,4523,0,2.59
1967,CHN,China,WPRO,39.9,116.4,HFRS,15096,573,14523,0.038,12589,5558,0,3.8
1968,CHN,China,WPRO,39.9,116.4,HFRS,13872,359,13513,0.0259,13133,4895,0,2.59
1969,CHN,China,WPRO,39.9,116.4,HFRS,15470,388,15082,0.0251,12261,3179,0,2.51
1970,CHN,China,WPRO,39.9,116.4,HFRS,12785,353,12432,0.0276,11798,4624,0,2.76
1971,CHN,China,WPRO,39.9,116.4,HFRS,15268,371,14897,0.0243,14103,6811,0,2.43
1972,CHN,China,WPRO,39.9,116.4,HFRS,16023,580,15443,0.0362,14456,6329,0,3.62
1973,CHN,China,WPRO,39.9,116.4,HFRS,12947,279,12668,0.0215,12094,5260,0,2.15
1974,CHN,China,WPRO,39.9,116.4,HFRS,18825,558,18267,0.0296,14560,4186,0,2.96
1975,CHN,China,WPRO,39.9,116.4,HFRS,16760,481,16279,0.0287,13242,5263,0,2.87
1976,CHN,China,WPRO,39.9,116.4,HFRS,10599,333,10266,0.0314,8519,4168,0,3.14
1977,CHN,China,WPRO,39.9,116.4,HFRS,11276,329,10947,0.0292,8483,2305,0,2.92
1978,CHN,China,WPRO,39.9,116.4,HFRS,12268,363,11905,0.0296,10673,3602,0,2.96
1979,CHN,China,WPRO,39.9,116.4,HFRS,16225,591,15634,0.0364,14699,3849,0,3.64
1980,CHN,China,WPRO,39.9,116.4,HFRS,16462,376,16086,0.0228,13143,7176,0,2.28
1981,CHN,China,WPRO,39.9,116.4,HFRS,14097,422,13675,0.0299,12315,5674,0,2.99
1982,CHN,China,WPRO,39.9,116.4,HFRS,16530,350,16180,0.0212,13476,5462,0,2.12
1983,CHN,China,WPRO,39.9,116.4,HFRS,11257,307,10950,0.0273,8517,2330,0,2.73
1984,CHN,China,WPRO,39.9,116.4,HFRS,12359,289,12070,0.0234,10672,4875,0,2.34
1985,CHN,China,WPRO,39.9,116.4,HFRS,15595,383,15212,0.0246,12218,3437,0,2.46
1986,CHN,China,WPRO,39.9,116.4,HFRS,16510,556,15954,0.0337,12486,6628,0,3.37
1987,CHN,China,WPRO,39.9,116.4,HFRS,13482,414,13068,0.0307,12023,6147,0,3.07
1988,CHN,China,WPRO,39.9,116.4,HFRS,19855,703,19152,0.0354,16239,8029,0,3.54
1989,CHN,China,WPRO,39.9,116.4,HFRS,13247,491,12756,0.0371,11386,5638,0,3.71
1990,CHN,China,WPRO,39.9,116.4,HFRS,14455,471,13984,0.0326,12363,5804,0,3.26
1991,CHN,China,WPRO,39.9,116.4,HFRS,10759,237,10522,0.022,8600,2561,0,2.2
1992,CHN,China,WPRO,39.9,116.4,HFRS,16781,418,16363,0.0249,15860,5567,0,2.49
1993,CHN,China,WPRO,39.9,116.4,HFRS,13564,477,13087,0.0352,11959,4777,0,3.52
1994,CHN,China,WPRO,39.9,116.4,HFRS,18627,632,17995,0.0339,14821,8135,0,3.39
1995,CHN,China,WPRO,39.9,116.4,HFRS,23146,757,22389,0.0327,18283,8301,0,3.27
1996,CHN,China,WPRO,39.9,116.4,HFRS,13744,296,13448,0.0215,11016,4282,0,2.15
1997,CHN,China,WPRO,39.9,116.4,HFRS,18279,623,17656,0.0341,16424,6202,0,3.41
1998,CHN,China,WPRO,39.9,116.4,HFRS,13086,362,12724,0.0277,12399,3248,0,2.77
1999,CHN,China,WPRO,39.9,116.4,HFRS,17450,548,16902,0.0314,14618,6835,0,3.14
2000,CHN,China,WPRO,39.9,116.4,HFRS,16688,612,16076,0.0367,15522,5844,0,3.67
2001,CHN,China,WPRO,39.9,116.4,HFRS,16770,530,16240,0.0316,15637,4897,0,3.16
2002,CHN,China,WPRO,39.9,116.4,HFRS,20673,669,20004,0.0324,18535,5365,0,3.24
2003,CHN,China,WPRO,39.9,116.4,HFRS,20164,753,19411,0.0373,15847,5091,0,3.73
2004,CHN,China,WPRO,39.9,116.4,HFRS,19851,481,19370,0.0242,18280,7269,0,2.42
2005,CHN,China,WPRO,39.9,116.4,HFRS,12887,472,12415,0.0366,10812,4372,0,3.66
2006,CHN,China,WPRO,39.9,116.4,HFRS,14258,451,13807,0.0316,11159,4098,0,3.16
2007,CHN,China,WPRO,39.9,116.4,HFRS,21572,553,21019,0.0256,19012,6607,0,2.56
2008,CHN,China,WPRO,39.9,116.4,HFRS,22311,521,21790,0.0234,21060,8132,0,2.34
2009,CHN,China,WPRO,39.9,116.4,HFRS,17574,392,17182,0.0223,13777,5592,0,2.23
2010,CHN,China,WPRO,39.9,116.4,HFRS,17373,624,16749,0.0359,14526,4715,0,3.59
2011,CHN,China,WPRO,39.9,116.4,HFRS,17670,595,17075,0.0337,13842,4156,0,3.37
2012,CHN,China,WPRO,39.9,116.4,HFRS,11775,403,11372,0.0342,10394,4078,0,3.42
2013,CHN,China,WPRO,39.9,116.4,HFRS,18672,662,18010,0.0355,16189,8264,0,3.55
2014,CHN,China,WPRO,39.9,116.4,HFRS,15474,356,15118,0.023,12440,3323,0,2.3
2015,CHN,China,WPRO,39.9,116.4,HFRS,20696,783,19913,0.0378,15684,4495,0,3.78
2016,CHN,China,WPRO,39.9,116.4,HFRS,20514,775,19739,0.0378,16682,6709,0,3.78
2017,CHN,China,WPRO,39.9,116.4,HFRS,15131,358,14773,0.0237,14333,7733,0,2.37
2018,CHN,China,WPRO,39.9,116.4,HFRS,13034,497,12537,0.0381,11441,5839,0,3.81
2019,CHN,China,WPRO,39.9,116.4,HFRS,15540,470,15070,0.0302,13174,5929,0,3.02
2020,CHN,China,WPRO,39.9,116.4,HFRS,13546,291,13255,0.0215,10993,5072,0,2.15
2021,CHN,China,WPRO,39.9,116.4,HFRS,16010,530,15480,0.0331,15113,4203,0,3.31
2022,CHN,China,WPRO,39.9,116.4,HFRS,22952,665,22287,0.029,21199,6426,0,2.9
2023,CHN,China,WPRO,39.9,116.4,HFRS,23885,861,23024,0.036,22426,10203,0,3.6
2024,CHN,China,WPRO,39.9,116.4,HFRS,20318,652,19666,0.0321,18769,7905,0,3.21
2025,CHN,China,WPRO,39.9,116.4,HFRS,13735,518,13217,0.0377,12195,5523,0,3.77
1951,KOR,South Korea,WPRO,37.6,127.0,HFRS,343,18,325,0.0525,284,126,0,5.23
1952,KOR,South Korea,WPRO,37.6,127.0,HFRS,361,19,342,0.0526,342,90,0,5.25
1953,KOR,South Korea,WPRO,37.6,127.0,HFRS,575,27,548,0.047,531,257,0,4.69
1954,KOR,South Korea,WPRO,37.6,127.0,HFRS,450,25,425,0.0556,416,154,0,5.54
1955,KOR,South Korea,WPRO,37.6,127.0,HFRS,351,19,332,0.0541,319,152,0,5.4
1956,KOR,South Korea,WPRO,37.6,127.0,HFRS,407,19,388,0.0467,371,106,0,4.66
1957,KOR,South Korea,WPRO,37.6,127.0,HFRS,378,13,365,0.0344,308,110,0,3.43
1958,KOR,South Korea,WPRO,37.6,127.0,HFRS,400,22,378,0.055,331,127,0,5.49
1959,KOR,South Korea,WPRO,37.6,127.0,HFRS,412,19,393,0.0461,327,88,0,4.6
1960,KOR,South Korea,WPRO,37.6,127.0,HFRS,516,28,488,0.0543,450,175,0,5.42
1961,KOR,South Korea,WPRO,37.6,127.0,HFRS,432,26,406,0.0602,368,144,0,6.0
1962,KOR,South Korea,WPRO,37.6,127.0,HFRS,309,13,296,0.0421,255,94,0,4.19
1963,KOR,South Korea,WPRO,37.6,127.0,HFRS,388,19,369,0.049,338,162,0,4.88
1964,KOR,South Korea,WPRO,37.6,127.0,HFRS,449,25,424,0.0557,422,107,0,5.56
1965,KOR,South Korea,WPRO,37.6,127.0,HFRS,376,13,363,0.0346,330,171,0,3.45
1966,KOR,South Korea,WPRO,37.6,127.0,HFRS,435,27,408,0.0621,331,175,0,6.19
1967,KOR,South Korea,WPRO,37.6,127.0,HFRS,478,18,460,0.0377,404,132,0,3.76
1968,KOR,South Korea,WPRO,37.6,127.0,HFRS,431,19,412,0.0441,392,161,0,4.4
1969,KOR,South Korea,WPRO,37.6,127.0,HFRS,386,20,366,0.0518,344,114,0,5.17
1970,KOR,South Korea,WPRO,37.6,127.0,HFRS,376,14,362,0.0372,295,134,0,3.71
1971,KOR,South Korea,WPRO,37.6,127.0,HFRS,343,17,326,0.0496,305,86,0,4.94
1972,KOR,South Korea,WPRO,37.6,127.0,HFRS,482,20,462,0.0415,454,179,0,4.14
1973,KOR,South Korea,WPRO,37.6,127.0,HFRS,605,31,574,0.0512,459,201,0,5.12
1974,KOR,South Korea,WPRO,37.6,127.0,HFRS,664,35,629,0.0527,606,312,0,5.26
1975,KOR,South Korea,WPRO,37.6,127.0,HFRS,438,18,420,0.0411,382,142,0,4.1
1976,KOR,South Korea,WPRO,37.6,127.0,HFRS,524,32,492,0.0611,430,138,0,6.1
1977,KOR,South Korea,WPRO,37.6,127.0,HFRS,469,20,449,0.0426,428,161,0,4.26
1978,KOR,South Korea,WPRO,37.6,127.0,HFRS,464,17,447,0.0366,405,156,0,3.66
1979,KOR,South Korea,WPRO,37.6,127.0,HFRS,510,20,490,0.0392,457,232,0,3.91
1980,KOR,South Korea,WPRO,37.6,127.0,HFRS,472,17,455,0.036,356,157,0,3.59
1981,KOR,South Korea,WPRO,37.6,127.0,HFRS,598,30,568,0.0502,476,174,0,5.01
1982,KOR,South Korea,WPRO,37.6,127.0,HFRS,556,27,529,0.0486,526,153,0,4.85
1983,KOR,South Korea,WPRO,37.6,127.0,HFRS,514,24,490,0.0467,429,199,0,4.66
1984,KOR,South Korea,WPRO,37.6,127.0,HFRS,472,30,442,0.0636,366,102,0,6.34
1985,KOR,South Korea,WPRO,37.6,127.0,HFRS,499,26,473,0.0521,401,109,0,5.2
1986,KOR,South Korea,WPRO,37.6,127.0,HFRS,405,25,380,0.0617,319,110,0,6.16
1987,KOR,South Korea,WPRO,37.6,127.0,HFRS,496,22,474,0.0444,378,153,0,4.43
1988,KOR,South Korea,WPRO,37.6,127.0,HFRS,465,27,438,0.0581,370,152,0,5.79
1989,KOR,South Korea,WPRO,37.6,127.0,HFRS,660,35,625,0.053,565,196,0,5.3
1990,KOR,South Korea,WPRO,37.6,127.0,HFRS,449,24,425,0.0535,426,191,0,5.33
1991,KOR,South Korea,WPRO,37.6,127.0,HFRS,463,26,437,0.0562,390,104,0,5.6
1992,KOR,South Korea,WPRO,37.6,127.0,HFRS,482,30,452,0.0622,378,172,0,6.21
1993,KOR,South Korea,WPRO,37.6,127.0,HFRS,454,23,431,0.0507,349,134,0,5.05
1994,KOR,South Korea,WPRO,37.6,127.0,HFRS,676,30,646,0.0444,596,291,0,4.43
1995,KOR,South Korea,WPRO,37.6,127.0,HFRS,751,31,720,0.0413,623,184,0,4.12
1996,KOR,South Korea,WPRO,37.6,127.0,HFRS,721,45,676,0.0624,618,310,0,6.23
1997,KOR,South Korea,WPRO,37.6,127.0,HFRS,516,27,489,0.0523,396,188,0,5.22
1998,KOR,South Korea,WPRO,37.6,127.0,HFRS,381,22,359,0.0577,345,159,0,5.76
1999,KOR,South Korea,WPRO,37.6,127.0,HFRS,374,16,358,0.0428,300,107,0,4.27
2000,KOR,South Korea,WPRO,37.6,127.0,HFRS,441,27,414,0.0612,379,129,0,6.11
2001,KOR,South Korea,WPRO,37.6,127.0,HFRS,592,28,564,0.0473,515,208,0,4.72
2002,KOR,South Korea,WPRO,37.6,127.0,HFRS,780,38,742,0.0487,739,373,0,4.87
2003,KOR,South Korea,WPRO,37.6,127.0,HFRS,515,32,483,0.0621,398,197,0,6.2
2004,KOR,South Korea,WPRO,37.6,127.0,HFRS,500,30,470,0.06,461,226,0,5.99
2005,KOR,South Korea,WPRO,37.6,127.0,HFRS,559,24,535,0.0429,428,158,0,4.29
2006,KOR,South Korea,WPRO,37.6,127.0,HFRS,425,23,402,0.0541,348,188,0,5.4
2007,KOR,South Korea,WPRO,37.6,127.0,HFRS,619,36,583,0.0582,480,244,0,5.81
2008,KOR,South Korea,WPRO,37.6,127.0,HFRS,787,39,748,0.0496,685,328,0,4.95
2009,KOR,South Korea,WPRO,37.6,127.0,HFRS,561,28,533,0.0499,465,136,0,4.98
2010,KOR,South Korea,WPRO,37.6,127.0,HFRS,585,21,564,0.0359,441,128,0,3.58
2011,KOR,South Korea,WPRO,37.6,127.0,HFRS,681,35,646,0.0514,642,243,0,5.13
2012,KOR,South Korea,WPRO,37.6,127.0,HFRS,460,23,437,0.05,385,108,0,4.99
2013,KOR,South Korea,WPRO,37.6,127.0,HFRS,565,23,542,0.0407,493,219,0,4.06
2014,KOR,South Korea,WPRO,37.6,127.0,HFRS,496,18,478,0.0363,449,174,0,3.62
2015,KOR,South Korea,WPRO,37.6,127.0,HFRS,525,34,491,0.0648,399,182,0,6.46
2016,KOR,South Korea,WPRO,37.6,127.0,HFRS,864,36,828,0.0417,672,192,0,4.16
2017,KOR,South Korea,WPRO,37.6,127.0,HFRS,586,22,564,0.0375,520,139,0,3.75
2018,KOR,South Korea,WPRO,37.6,127.0,HFRS,576,37,539,0.0642,525,228,0,6.41
2019,KOR,South Korea,WPRO,37.6,127.0,HFRS,475,25,450,0.0526,406,153,0,5.25
2020,KOR,South Korea,WPRO,37.6,127.0,HFRS,445,27,418,0.0607,373,115,0,6.05
2021,KOR,South Korea,WPRO,37.6,127.0,HFRS,581,27,554,0.0465,531,249,0,4.64
2022,KOR,South Korea,WPRO,37.6,127.0,HFRS,794,28,766,0.0353,661,260,0,3.52
2023,KOR,South Korea,WPRO,37.6,127.0,HFRS,548,23,525,0.042,494,143,0,4.19
2024,KOR,South Korea,WPRO,37.6,127.0,HFRS,685,28,657,0.0409,515,166,0,4.08
2025,KOR,South Korea,WPRO,37.6,127.0,HFRS,736,43,693,0.0584,693,274,0,5.83
1960,JPN,Japan,WPRO,35.7,139.7,HFRS,7,0,7,0.0,5,2,0,0.0
1961,JPN,Japan,WPRO,35.7,139.7,HFRS,6,0,6,0.0,4,1,0,0.0
1962,JPN,Japan,WPRO,35.7,139.7,HFRS,7,0,7,0.0,5,1,0,0.0
1963,JPN,Japan,WPRO,35.7,139.7,HFRS,5,0,5,0.0,4,2,0,0.0
1964,JPN,Japan,WPRO,35.7,139.7,HFRS,8,0,8,0.0,7,2,0,0.0
1965,JPN,Japan,WPRO,35.7,139.7,HFRS,7,0,7,0.0,5,2,0,0.0
1966,JPN,Japan,WPRO,35.7,139.7,HFRS,8,0,8,0.0,7,3,0,0.0
1967,JPN,Japan,WPRO,35.7,139.7,HFRS,9,0,9,0.0,6,2,0,0.0
1968,JPN,Japan,WPRO,35.7,139.7,HFRS,7,0,7,0.0,5,2,0,0.0
1969,JPN,Japan,WPRO,35.7,139.7,HFRS,6,0,6,0.0,5,1,0,0.0
1970,JPN,Japan,WPRO,35.7,139.7,HFRS,5,0,5,0.0,4,1,0,0.0
1971,JPN,Japan,WPRO,35.7,139.7,HFRS,6,0,6,0.0,4,1,0,0.0
1972,JPN,Japan,WPRO,35.7,139.7,HFRS,8,0,8,0.0,6,1,0,0.0
1973,JPN,Japan,WPRO,35.7,139.7,HFRS,9,0,9,0.0,7,1,0,0.0
1974,JPN,Japan,WPRO,35.7,139.7,HFRS,7,0,7,0.0,5,2,0,0.0
1975,JPN,Japan,WPRO,35.7,139.7,HFRS,9,0,9,0.0,7,2,0,0.0
1976,JPN,Japan,WPRO,35.7,139.7,HFRS,8,0,8,0.0,7,2,0,0.0
1977,JPN,Japan,WPRO,35.7,139.7,HFRS,5,0,5,0.0,4,1,0,0.0
1978,JPN,Japan,WPRO,35.7,139.7,HFRS,9,0,9,0.0,7,3,0,0.0
1979,JPN,Japan,WPRO,35.7,139.7,HFRS,10,0,10,0.0,7,2,0,0.0
1980,JPN,Japan,WPRO,35.7,139.7,HFRS,12,0,12,0.0,9,3,0,0.0
1981,JPN,Japan,WPRO,35.7,139.7,HFRS,9,0,9,0.0,8,2,0,0.0
1982,JPN,Japan,WPRO,35.7,139.7,HFRS,8,0,8,0.0,7,3,0,0.0
1983,JPN,Japan,WPRO,35.7,139.7,HFRS,7,0,7,0.0,6,3,0,0.0
1984,JPN,Japan,WPRO,35.7,139.7,HFRS,9,0,9,0.0,8,3,0,0.0
1985,JPN,Japan,WPRO,35.7,139.7,HFRS,9,0,9,0.0,8,3,0,0.0
1986,JPN,Japan,WPRO,35.7,139.7,HFRS,7,0,7,0.0,6,3,0,0.0
1987,JPN,Japan,WPRO,35.7,139.7,HFRS,7,0,7,0.0,5,2,0,0.0
1988,JPN,Japan,WPRO,35.7,139.7,HFRS,12,0,12,0.0,10,5,0,0.0
1989,JPN,Japan,WPRO,35.7,139.7,HFRS,11,0,11,0.0,9,3,0,0.0
1990,JPN,Japan,WPRO,35.7,139.7,HFRS,8,0,8,0.0,7,3,0,0.0
1991,JPN,Japan,WPRO,35.7,139.7,HFRS,8,0,8,0.0,6,2,0,0.0
1992,JPN,Japan,WPRO,35.7,139.7,HFRS,6,0,6,0.0,5,2,0,0.0
1993,JPN,Japan,WPRO,35.7,139.7,HFRS,7,0,7,0.0,6,1,0,0.0
1994,JPN,Japan,WPRO,35.7,139.7,HFRS,11,0,11,0.0,9,2,0,0.0
1995,JPN,Japan,WPRO,35.7,139.7,HFRS,10,0,10,0.0,8,2,0,0.0
1996,JPN,Japan,WPRO,35.7,139.7,HFRS,11,0,11,0.0,9,2,0,0.0
1997,JPN,Japan,WPRO,35.7,139.7,HFRS,11,0,11,0.0,8,2,0,0.0
1998,JPN,Japan,WPRO,35.7,139.7,HFRS,7,0,7,0.0,6,2,0,0.0
1999,JPN,Japan,WPRO,35.7,139.7,HFRS,8,0,8,0.0,7,2,0,0.0
2000,JPN,Japan,WPRO,35.7,139.7,HFRS,9,0,9,0.0,8,2,0,0.0
2001,JPN,Japan,WPRO,35.7,139.7,HFRS,11,0,11,0.0,9,2,0,0.0
2002,JPN,Japan,WPRO,35.7,139.7,HFRS,12,0,12,0.0,10,2,0,0.0
2003,JPN,Japan,WPRO,35.7,139.7,HFRS,11,0,11,0.0,9,3,0,0.0
2004,JPN,Japan,WPRO,35.7,139.7,HFRS,10,0,10,0.0,8,3,0,0.0
2005,JPN,Japan,WPRO,35.7,139.7,HFRS,8,0,8,0.0,6,2,0,0.0
2006,JPN,Japan,WPRO,35.7,139.7,HFRS,10,0,10,0.0,9,3,0,0.0
2007,JPN,Japan,WPRO,35.7,139.7,HFRS,10,0,10,0.0,8,3,0,0.0
2008,JPN,Japan,WPRO,35.7,139.7,HFRS,9,0,9,0.0,7,3,0,0.0
2009,JPN,Japan,WPRO,35.7,139.7,HFRS,14,0,14,0.0,12,4,0,0.0
2010,JPN,Japan,WPRO,35.7,139.7,HFRS,11,0,11,0.0,8,2,0,0.0
2011,JPN,Japan,WPRO,35.7,139.7,HFRS,11,0,11,0.0,9,3,0,0.0
2012,JPN,Japan,WPRO,35.7,139.7,HFRS,7,0,7,0.0,5,1,0,0.0
2013,JPN,Japan,WPRO,35.7,139.7,HFRS,7,0,7,0.0,5,2,0,0.0
2014,JPN,Japan,WPRO,35.7,139.7,HFRS,9,0,9,0.0,7,2,0,0.0
2015,JPN,Japan,WPRO,35.7,139.7,HFRS,14,0,14,0.0,11,5,0,0.0
2016,JPN,Japan,WPRO,35.7,139.7,HFRS,12,0,12,0.0,9,2,0,0.0
2017,JPN,Japan,WPRO,35.7,139.7,HFRS,13,0,13,0.0,10,4,0,0.0
2018,JPN,Japan,WPRO,35.7,139.7,HFRS,11,0,11,0.0,9,2,0,0.0
2019,JPN,Japan,WPRO,35.7,139.7,HFRS,11,0,11,0.0,10,2,0,0.0
2020,JPN,Japan,WPRO,35.7,139.7,HFRS,7,0,7,0.0,5,1,0,0.0
2021,JPN,Japan,WPRO,35.7,139.7,HFRS,13,0,13,0.0,10,4,0,0.0
2022,JPN,Japan,WPRO,35.7,139.7,HFRS,12,0,12,0.0,9,3,0,0.0
2023,JPN,Japan,WPRO,35.7,139.7,HFRS,9,0,9,0.0,8,2,0,0.0
2024,JPN,Japan,WPRO,35.7,139.7,HFRS,12,0,12,0.0,9,4,0,0.0
2025,JPN,Japan,WPRO,35.7,139.7,HFRS,8,0,8,0.0,7,2,0,0.0
1978,RUS,Russia,EURO,55.8,37.6,HFRS,6452,188,6264,0.0291,5379,1764,0,2.91
1979,RUS,Russia,EURO,55.8,37.6,HFRS,6746,347,6399,0.0514,5405,2411,0,5.14
1980,RUS,Russia,EURO,55.8,37.6,HFRS,5782,240,5542,0.0415,4872,2638,0,4.15
1981,RUS,Russia,EURO,55.8,37.6,HFRS,7424,270,7154,0.0364,5737,1694,0,3.64
1982,RUS,Russia,EURO,55.8,37.6,HFRS,5688,193,5495,0.0339,5233,2189,0,3.39
1983,RUS,Russia,EURO,55.8,37.6,HFRS,5901,181,5720,0.0307,5440,2539,0,3.07
1984,RUS,Russia,EURO,55.8,37.6,HFRS,4207,189,4018,0.0449,3612,991,0,4.49
1985,RUS,Russia,EURO,55.8,37.6,HFRS,5475,216,5259,0.0395,4287,2288,0,3.94
1986,RUS,Russia,EURO,55.8,37.6,HFRS,7501,330,7171,0.044,6319,2360,0,4.4
1987,RUS,Russia,EURO,55.8,37.6,HFRS,7728,317,7411,0.041,5892,2378,0,4.1
1988,RUS,Russia,EURO,55.8,37.6,HFRS,8564,334,8230,0.039,6511,3163,0,3.9
1989,RUS,Russia,EURO,55.8,37.6,HFRS,5913,202,5711,0.0342,4629,1615,0,3.42
1990,RUS,Russia,EURO,55.8,37.6,HFRS,6937,280,6657,0.0404,5487,2816,0,4.04
1991,RUS,Russia,EURO,55.8,37.6,HFRS,6728,328,6400,0.0488,5367,2068,0,4.87
1992,RUS,Russia,EURO,55.8,37.6,HFRS,7317,340,6977,0.0465,5527,1489,0,4.65
1993,RUS,Russia,EURO,55.8,37.6,HFRS,6598,328,6270,0.0497,5659,2259,0,4.97
1994,RUS,Russia,EURO,55.8,37.6,HFRS,6069,265,5804,0.0437,5549,2020,0,4.37
1995,RUS,Russia,EURO,55.8,37.6,HFRS,8888,454,8434,0.0511,7028,2860,0,5.11
1996,RUS,Russia,EURO,55.8,37.6,HFRS,6531,307,6224,0.047,5652,2488,0,4.7
1997,RUS,Russia,EURO,55.8,37.6,HFRS,7424,278,7146,0.0374,6926,2839,0,3.74
1998,RUS,Russia,EURO,55.8,37.6,HFRS,4925,220,4705,0.0447,4475,1544,0,4.47
1999,RUS,Russia,EURO,55.8,37.6,HFRS,7290,362,6928,0.0497,5871,3200,0,4.97
2000,RUS,Russia,EURO,55.8,37.6,HFRS,5788,190,5598,0.0328,4554,2359,0,3.28
2001,RUS,Russia,EURO,55.8,37.6,HFRS,8549,270,8279,0.0316,7164,3113,0,3.16
2002,RUS,Russia,EURO,55.8,37.6,HFRS,6489,319,6170,0.0492,5909,2372,0,4.92
2003,RUS,Russia,EURO,55.8,37.6,HFRS,9458,359,9099,0.038,8955,4033,0,3.8
2004,RUS,Russia,EURO,55.8,37.6,HFRS,7232,231,7001,0.0319,6699,2533,0,3.19
2005,RUS,Russia,EURO,55.8,37.6,HFRS,5177,146,5031,0.0282,4462,1821,0,2.82
2006,RUS,Russia,EURO,55.8,37.6,HFRS,7192,355,6837,0.0494,5508,2585,0,4.94
2007,RUS,Russia,EURO,55.8,37.6,HFRS,6236,303,5933,0.0486,5698,2348,0,4.86
2008,RUS,Russia,EURO,55.8,37.6,HFRS,9185,326,8859,0.0355,7754,3849,0,3.55
2009,RUS,Russia,EURO,55.8,37.6,HFRS,8408,307,8101,0.0365,7137,3557,0,3.65
2010,RUS,Russia,EURO,55.8,37.6,HFRS,7364,236,7128,0.032,6571,3271,0,3.2
2011,RUS,Russia,EURO,55.8,37.6,HFRS,5674,191,5483,0.0337,4416,1564,0,3.37
2012,RUS,Russia,EURO,55.8,37.6,HFRS,6353,292,6061,0.046,5592,2439,0,4.6
2013,RUS,Russia,EURO,55.8,37.6,HFRS,6278,302,5976,0.0481,5300,2881,0,4.81
2014,RUS,Russia,EURO,55.8,37.6,HFRS,8245,255,7990,0.0309,7298,2536,0,3.09
2015,RUS,Russia,EURO,55.8,37.6,HFRS,9496,281,9215,0.0296,7454,3777,0,2.96
2016,RUS,Russia,EURO,55.8,37.6,HFRS,7744,372,7372,0.048,6240,2763,0,4.8
2017,RUS,Russia,EURO,55.8,37.6,HFRS,9197,370,8827,0.0402,7459,2340,0,4.02
2018,RUS,Russia,EURO,55.8,37.6,HFRS,5675,200,5475,0.0352,4997,2655,0,3.52
2019,RUS,Russia,EURO,55.8,37.6,HFRS,8064,374,7690,0.0464,7319,3289,0,4.64
2020,RUS,Russia,EURO,55.8,37.6,HFRS,6227,309,5918,0.0496,5505,2301,0,4.96
2021,RUS,Russia,EURO,55.8,37.6,HFRS,6495,251,6244,0.0386,5469,2785,0,3.86
2022,RUS,Russia,EURO,55.8,37.6,HFRS,9274,344,8930,0.0371,8767,2482,0,3.71
2023,RUS,Russia,EURO,55.8,37.6,HFRS,8990,260,8730,0.0289,8072,4241,0,2.89
2024,RUS,Russia,EURO,55.8,37.6,HFRS,7780,378,7402,0.0486,6289,3290,0,4.86
2025,RUS,Russia,EURO,55.8,37.6,HFRS,8698,411,8287,0.0473,6554,3531,0,4.72
1980,FIN,Finland,EURO,60.2,24.9,HFRS,1864,16,1848,0.0086,1707,570,0,0.86
1981,FIN,Finland,EURO,60.2,24.9,HFRS,2055,15,2040,0.0073,1830,754,0,0.73
1982,FIN,Finland,EURO,60.2,24.9,HFRS,1295,10,1285,0.0077,974,380,0,0.77
1983,FIN,Finland,EURO,60.2,24.9,HFRS,1293,13,1280,0.0101,1046,355,0,1.0
1984,FIN,Finland,EURO,60.2,24.9,HFRS,1481,10,1471,0.0068,1378,696,0,0.67
1985,FIN,Finland,EURO,60.2,24.9,HFRS,1492,15,1477,0.0101,1385,423,0,1.0
1986,FIN,Finland,EURO,60.2,24.9,HFRS,1241,10,1231,0.0081,1127,293,0,0.81
1987,FIN,Finland,EURO,60.2,24.9,HFRS,1842,23,1819,0.0125,1696,689,0,1.25
1988,FIN,Finland,EURO,60.2,24.9,HFRS,1429,17,1412,0.0119,1242,353,0,1.19
1989,FIN,Finland,EURO,60.2,24.9,HFRS,1364,16,1348,0.0117,1205,601,0,1.17
1990,FIN,Finland,EURO,60.2,24.9,HFRS,1800,18,1782,0.01,1536,582,0,1.0
1991,FIN,Finland,EURO,60.2,24.9,HFRS,1265,12,1253,0.0095,1144,492,0,0.95
1992,FIN,Finland,EURO,60.2,24.9,HFRS,1735,16,1719,0.0092,1511,663,0,0.92
1993,FIN,Finland,EURO,60.2,24.9,HFRS,1731,19,1712,0.011,1380,557,0,1.1
1994,FIN,Finland,EURO,60.2,24.9,HFRS,1494,13,1481,0.0087,1266,564,0,0.87
1995,FIN,Finland,EURO,60.2,24.9,HFRS,2358,25,2333,0.0106,2119,851,0,1.06
1996,FIN,Finland,EURO,60.2,24.9,HFRS,1922,14,1908,0.0073,1539,551,0,0.73
1997,FIN,Finland,EURO,60.2,24.9,HFRS,1571,11,1560,0.007,1222,406,0,0.7
1998,FIN,Finland,EURO,60.2,24.9,HFRS,1810,16,1794,0.0088,1531,472,0,0.88
1999,FIN,Finland,EURO,60.2,24.9,HFRS,1609,13,1596,0.0081,1273,515,0,0.81
2000,FIN,Finland,EURO,60.2,24.9,HFRS,1309,9,1300,0.0069,1039,271,0,0.69
2001,FIN,Finland,EURO,60.2,24.9,HFRS,1573,14,1559,0.0089,1432,603,0,0.89
2002,FIN,Finland,EURO,60.2,24.9,HFRS,2033,17,2016,0.0084,1903,702,0,0.84
2003,FIN,Finland,EURO,60.2,24.9,HFRS,1500,16,1484,0.0107,1159,409,0,1.07
2004,FIN,Finland,EURO,60.2,24.9,HFRS,1677,20,1657,0.0119,1423,655,0,1.19
2005,FIN,Finland,EURO,60.2,24.9,HFRS,1914,14,1900,0.0073,1540,567,0,0.73
2006,FIN,Finland,EURO,60.2,24.9,HFRS,1536,14,1522,0.0091,1430,663,0,0.91
2007,FIN,Finland,EURO,60.2,24.9,HFRS,1922,17,1905,0.0088,1758,943,0,0.88
2008,FIN,Finland,EURO,60.2,24.9,HFRS,2380,16,2364,0.0067,2087,553,0,0.67
2009,FIN,Finland,EURO,60.2,24.9,HFRS,1861,13,1848,0.007,1620,738,0,0.7
2010,FIN,Finland,EURO,60.2,24.9,HFRS,1599,14,1585,0.0088,1345,485,0,0.88
2011,FIN,Finland,EURO,60.2,24.9,HFRS,1418,13,1405,0.0092,1276,346,0,0.92
2012,FIN,Finland,EURO,60.2,24.9,HFRS,1270,11,1259,0.0087,1191,536,0,0.87
2013,FIN,Finland,EURO,60.2,24.9,HFRS,1822,16,1806,0.0088,1582,400,0,0.88
2014,FIN,Finland,EURO,60.2,24.9,HFRS,2036,25,2011,0.0123,1776,909,0,1.23
2015,FIN,Finland,EURO,60.2,24.9,HFRS,2385,18,2367,0.0075,2219,598,0,0.75
2016,FIN,Finland,EURO,60.2,24.9,HFRS,2251,17,2234,0.0076,1693,637,0,0.75
2017,FIN,Finland,EURO,60.2,24.9,HFRS,1857,18,1839,0.0097,1607,422,0,0.97
2018,FIN,Finland,EURO,60.2,24.9,HFRS,1483,15,1468,0.0101,1214,569,0,1.01
2019,FIN,Finland,EURO,60.2,24.9,HFRS,1807,21,1786,0.0116,1605,608,0,1.16
2020,FIN,Finland,EURO,60.2,24.9,HFRS,1898,16,1882,0.0084,1539,749,0,0.84
2021,FIN,Finland,EURO,60.2,24.9,HFRS,1937,22,1915,0.0114,1771,898,0,1.14
2022,FIN,Finland,EURO,60.2,24.9,HFRS,2705,25,2680,0.0092,2201,934,0,0.92
2023,FIN,Finland,EURO,60.2,24.9,HFRS,2161,22,2139,0.0102,1925,878,0,1.02
2024,FIN,Finland,EURO,60.2,24.9,HFRS,2023,16,2007,0.0079,1691,495,0,0.79
2025,FIN,Finland,EURO,60.2,24.9,HFRS,2278,20,2258,0.0088,1778,458,0,0.88
1980,SWE,Sweden,EURO,59.3,18.1,HFRS,359,1,358,0.0028,293,79,0,0.28
1981,SWE,Sweden,EURO,59.3,18.1,HFRS,330,1,329,0.003,292,126,0,0.3
1982,SWE,Sweden,EURO,59.3,18.1,HFRS,302,1,301,0.0033,286,110,0,0.33
1983,SWE,Sweden,EURO,59.3,18.1,HFRS,314,1,313,0.0032,265,68,0,0.32
1984,SWE,Sweden,EURO,59.3,18.1,HFRS,264,1,263,0.0038,218,57,0,0.38
1985,SWE,Sweden,EURO,59.3,18.1,HFRS,210,0,210,0.0,164,42,0,0.0
1986,SWE,Sweden,EURO,59.3,18.1,HFRS,354,1,353,0.0028,285,148,0,0.28
1987,SWE,Sweden,EURO,59.3,18.1,HFRS,285,1,284,0.0035,231,119,0,0.35
1988,SWE,Sweden,EURO,59.3,18.1,HFRS,383,2,381,0.0052,362,121,0,0.52
1989,SWE,Sweden,EURO,59.3,18.1,HFRS,420,1,419,0.0024,347,122,0,0.24
1990,SWE,Sweden,EURO,59.3,18.1,HFRS,308,1,307,0.0032,265,109,0,0.32
1991,SWE,Sweden,EURO,59.3,18.1,HFRS,314,1,313,0.0032,263,89,0,0.32
1992,SWE,Sweden,EURO,59.3,18.1,HFRS,255,1,254,0.0039,194,68,0,0.39
1993,SWE,Sweden,EURO,59.3,18.1,HFRS,292,1,291,0.0034,251,88,0,0.34
1994,SWE,Sweden,EURO,59.3,18.1,HFRS,386,1,385,0.0026,323,141,0,0.26
1995,SWE,Sweden,EURO,59.3,18.1,HFRS,382,1,381,0.0026,362,186,0,0.26
1996,SWE,Sweden,EURO,59.3,18.1,HFRS,382,1,381,0.0026,333,103,0,0.26
1997,SWE,Sweden,EURO,59.3,18.1,HFRS,301,1,300,0.0033,254,104,0,0.33
1998,SWE,Sweden,EURO,59.3,18.1,HFRS,253,1,252,0.004,235,109,0,0.39
1999,SWE,Sweden,EURO,59.3,18.1,HFRS,310,1,309,0.0032,240,116,0,0.32
2000,SWE,Sweden,EURO,59.3,18.1,HFRS,282,1,281,0.0035,227,116,0,0.35
2001,SWE,Sweden,EURO,59.3,18.1,HFRS,477,1,476,0.0021,401,218,0,0.21
2002,SWE,Sweden,EURO,59.3,18.1,HFRS,400,2,398,0.005,347,125,0,0.5
2003,SWE,Sweden,EURO,59.3,18.1,HFRS,337,1,336,0.003,304,111,0,0.3
2004,SWE,Sweden,EURO,59.3,18.1,HFRS,335,1,334,0.003,289,147,0,0.3
2005,SWE,Sweden,EURO,59.3,18.1,HFRS,380,1,379,0.0026,347,166,0,0.26
2006,SWE,Sweden,EURO,59.3,18.1,HFRS,330,2,328,0.0061,260,73,0,0.6
2007,SWE,Sweden,EURO,59.3,18.1,HFRS,428,2,426,0.0047,393,203,0,0.47
2008,SWE,Sweden,EURO,59.3,18.1,HFRS,320,1,319,0.0031,268,108,0,0.31
2009,SWE,Sweden,EURO,59.3,18.1,HFRS,449,2,447,0.0045,338,132,0,0.44
2010,SWE,Sweden,EURO,59.3,18.1,HFRS,433,2,431,0.0046,384,111,0,0.46
2011,SWE,Sweden,EURO,59.3,18.1,HFRS,314,1,313,0.0032,286,95,0,0.32
2012,SWE,Sweden,EURO,59.3,18.1,HFRS,274,1,273,0.0036,205,112,0,0.36
2013,SWE,Sweden,EURO,59.3,18.1,HFRS,363,2,361,0.0055,293,74,0,0.55
2014,SWE,Sweden,EURO,59.3,18.1,HFRS,426,2,424,0.0047,382,111,0,0.47
2015,SWE,Sweden,EURO,59.3,18.1,HFRS,483,2,481,0.0041,425,203,0,0.41
2016,SWE,Sweden,EURO,59.3,18.1,HFRS,518,2,516,0.0039,397,157,0,0.39
2017,SWE,Sweden,EURO,59.3,18.1,HFRS,326,1,325,0.0031,271,73,0,0.31
2018,SWE,Sweden,EURO,59.3,18.1,HFRS,337,1,336,0.003,307,164,0,0.3
2019,SWE,Sweden,EURO,59.3,18.1,HFRS,264,1,263,0.0038,225,76,0,0.38
2020,SWE,Sweden,EURO,59.3,18.1,HFRS,275,1,274,0.0036,249,115,0,0.36
2021,SWE,Sweden,EURO,59.3,18.1,HFRS,308,1,307,0.0032,255,86,0,0.32
2022,SWE,Sweden,EURO,59.3,18.1,HFRS,387,1,386,0.0026,352,186,0,0.26
2023,SWE,Sweden,EURO,59.3,18.1,HFRS,440,2,438,0.0045,358,140,0,0.45
2024,SWE,Sweden,EURO,59.3,18.1,HFRS,371,2,369,0.0054,350,150,0,0.54
2025,SWE,Sweden,EURO,59.3,18.1,HFRS,353,1,352,0.0028,273,141,0,0.28
2001,DEU,Germany,EURO,52.5,13.4,HFRS,223,2,221,0.009,193,84,0,0.89
2002,DEU,Germany,EURO,52.5,13.4,HFRS,181,2,179,0.011,144,66,0,1.1
2003,DEU,Germany,EURO,52.5,13.4,HFRS,250,2,248,0.008,215,87,0,0.8
2004,DEU,Germany,EURO,52.5,13.4,HFRS,156,1,155,0.0064,125,49,0,0.64
2005,DEU,Germany,EURO,52.5,13.4,HFRS,157,1,156,0.0064,137,36,0,0.63
2006,DEU,Germany,EURO,52.5,13.4,HFRS,205,1,204,0.0049,153,61,0,0.49
2007,DEU,Germany,EURO,52.5,13.4,HFRS,161,1,160,0.0062,143,38,0,0.62
2008,DEU,Germany,EURO,52.5,13.4,HFRS,274,1,273,0.0036,219,103,0,0.36
2009,DEU,Germany,EURO,52.5,13.4,HFRS,220,1,219,0.0045,180,59,0,0.45
2010,DEU,Germany,EURO,52.5,13.4,HFRS,267,2,265,0.0075,242,125,0,0.75
2011,DEU,Germany,EURO,52.5,13.4,HFRS,194,2,192,0.0103,160,86,0,1.03
2012,DEU,Germany,EURO,52.5,13.4,HFRS,147,1,146,0.0068,124,45,0,0.68
2013,DEU,Germany,EURO,52.5,13.4,HFRS,205,2,203,0.0098,153,45,0,0.97
2014,DEU,Germany,EURO,52.5,13.4,HFRS,243,2,241,0.0082,229,109,0,0.82
2015,DEU,Germany,EURO,52.5,13.4,HFRS,303,3,300,0.0099,245,68,0,0.99
2016,DEU,Germany,EURO,52.5,13.4,HFRS,292,3,289,0.0103,221,79,0,1.02
2017,DEU,Germany,EURO,52.5,13.4,HFRS,294,2,292,0.0068,245,94,0,0.68
2018,DEU,Germany,EURO,52.5,13.4,HFRS,181,1,180,0.0055,149,39,0,0.55
2019,DEU,Germany,EURO,52.5,13.4,HFRS,221,2,219,0.009,202,102,0,0.9
2020,DEU,Germany,EURO,52.5,13.4,HFRS,173,1,172,0.0058,146,75,0,0.57
2021,DEU,Germany,EURO,52.5,13.4,HFRS,198,2,196,0.0101,172,58,0,1.01
2022,DEU,Germany,EURO,52.5,13.4,HFRS,212,2,210,0.0094,190,65,0,0.94
2023,DEU,Germany,EURO,52.5,13.4,HFRS,288,2,286,0.0069,257,79,0,0.69
2024,DEU,Germany,EURO,52.5,13.4,HFRS,301,2,299,0.0066,247,66,0,0.66
2025,DEU,Germany,EURO,52.5,13.4,HFRS,178,1,177,0.0056,143,71,0,0.56
1982,FRA,France,EURO,48.9,2.3,HFRS,64,0,64,0.0,52,13,0,0.0
1983,FRA,France,EURO,48.9,2.3,HFRS,60,0,60,0.0,50,18,0,0.0
1984,FRA,France,EURO,48.9,2.3,HFRS,70,0,70,0.0,52,20,0,0.0
1985,FRA,France,EURO,48.9,2.3,HFRS,88,0,88,0.0,77,26,0,0.0
1986,FRA,France,EURO,48.9,2.3,HFRS,93,1,92,0.0108,79,42,0,1.06
1987,FRA,France,EURO,48.9,2.3,HFRS,74,0,74,0.0,66,32,0,0.0
1988,FRA,France,EURO,48.9,2.3,HFRS,77,0,77,0.0,58,19,0,0.0
1989,FRA,France,EURO,48.9,2.3,HFRS,101,1,100,0.0099,82,29,0,0.98
1990,FRA,France,EURO,48.9,2.3,HFRS,59,0,59,0.0,51,27,0,0.0
1991,FRA,France,EURO,48.9,2.3,HFRS,85,0,85,0.0,79,38,0,0.0
1992,FRA,France,EURO,48.9,2.3,HFRS,86,0,86,0.0,71,24,0,0.0
1993,FRA,France,EURO,48.9,2.3,HFRS,68,0,68,0.0,54,21,0,0.0
1994,FRA,France,EURO,48.9,2.3,HFRS,109,1,108,0.0092,83,44,0,0.91
1995,FRA,France,EURO,48.9,2.3,HFRS,123,1,122,0.0081,116,47,0,0.81
1996,FRA,France,EURO,48.9,2.3,HFRS,115,0,115,0.0,94,29,0,0.0
1997,FRA,France,EURO,48.9,2.3,HFRS,70,0,70,0.0,61,29,0,0.0
1998,FRA,France,EURO,48.9,2.3,HFRS,80,0,80,0.0,72,31,0,0.0
1999,FRA,France,EURO,48.9,2.3,HFRS,75,0,75,0.0,60,21,0,0.0
2000,FRA,France,EURO,48.9,2.3,HFRS,109,0,109,0.0,91,47,0,0.0
2001,FRA,France,EURO,48.9,2.3,HFRS,112,0,112,0.0,87,21,0,0.0
2002,FRA,France,EURO,48.9,2.3,HFRS,112,1,111,0.0089,87,46,0,0.88
2003,FRA,France,EURO,48.9,2.3,HFRS,100,0,100,0.0,85,38,0,0.0
2004,FRA,France,EURO,48.9,2.3,HFRS,68,0,68,0.0,61,23,0,0.0
2005,FRA,France,EURO,48.9,2.3,HFRS,81,0,81,0.0,61,18,0,0.0
2006,FRA,France,EURO,48.9,2.3,HFRS,81,0,81,0.0,61,30,0,0.0
2007,FRA,France,EURO,48.9,2.3,HFRS,119,1,118,0.0084,109,35,0,0.83
2008,FRA,France,EURO,48.9,2.3,HFRS,131,1,130,0.0076,123,67,0,0.76
2009,FRA,France,EURO,48.9,2.3,HFRS,122,1,121,0.0082,105,34,0,0.81
2010,FRA,France,EURO,48.9,2.3,HFRS,100,1,99,0.01,76,33,0,0.99
2011,FRA,France,EURO,48.9,2.3,HFRS,114,0,114,0.0,103,53,0,0.0
2012,FRA,France,EURO,48.9,2.3,HFRS,102,1,101,0.0098,87,47,0,0.97
2013,FRA,France,EURO,48.9,2.3,HFRS,99,0,99,0.0,83,38,0,0.0
2014,FRA,France,EURO,48.9,2.3,HFRS,87,0,87,0.0,76,22,0,0.0
2015,FRA,France,EURO,48.9,2.3,HFRS,115,1,114,0.0087,97,24,0,0.86
2016,FRA,France,EURO,48.9,2.3,HFRS,87,0,87,0.0,81,25,0,0.0
2017,FRA,France,EURO,48.9,2.3,HFRS,116,0,116,0.0,94,47,0,0.0
2018,FRA,France,EURO,48.9,2.3,HFRS,106,0,106,0.0,88,22,0,0.0
2019,FRA,France,EURO,48.9,2.3,HFRS,87,0,87,0.0,67,22,0,0.0
2020,FRA,France,EURO,48.9,2.3,HFRS,87,1,86,0.0115,82,21,0,1.14
2021,FRA,France,EURO,48.9,2.3,HFRS,117,1,116,0.0085,96,45,0,0.85
2022,FRA,France,EURO,48.9,2.3,HFRS,141,1,140,0.0071,122,43,0,0.7
2023,FRA,France,EURO,48.9,2.3,HFRS,138,1,137,0.0072,119,42,0,0.72
2024,FRA,France,EURO,48.9,2.3,HFRS,121,1,120,0.0083,95,49,0,0.82
2025,FRA,France,EURO,48.9,2.3,HFRS,80,0,80,0.0,63,16,0,0.0
1990,BEL,Belgium,EURO,50.8,4.4,HFRS,71,0,71,0.0,65,21,0,0.0
1991,BEL,Belgium,EURO,50.8,4.4,HFRS,105,1,104,0.0095,87,36,0,0.94
1992,BEL,Belgium,EURO,50.8,4.4,HFRS,89,1,88,0.0112,71,25,0,1.11
1993,BEL,Belgium,EURO,50.8,4.4,HFRS,122,1,121,0.0082,113,42,0,0.81
1994,BEL,Belgium,EURO,50.8,4.4,HFRS,131,1,130,0.0076,111,34,0,0.76
1995,BEL,Belgium,EURO,50.8,4.4,HFRS,124,1,123,0.0081,101,51,0,0.8
1996,BEL,Belgium,EURO,50.8,4.4,HFRS,94,0,94,0.0,71,37,0,0.0
1997,BEL,Belgium,EURO,50.8,4.4,HFRS,98,0,98,0.0,89,44,0,0.0
1998,BEL,Belgium,EURO,50.8,4.4,HFRS,82,0,82,0.0,74,33,0,0.0
1999,BEL,Belgium,EURO,50.8,4.4,HFRS,77,0,77,0.0,66,22,0,0.0
2000,BEL,Belgium,EURO,50.8,4.4,HFRS,103,0,103,0.0,79,37,0,0.0
2001,BEL,Belgium,EURO,50.8,4.4,HFRS,90,0,90,0.0,76,20,0,0.0
2002,BEL,Belgium,EURO,50.8,4.4,HFRS,154,1,153,0.0065,124,42,0,0.65
2003,BEL,Belgium,EURO,50.8,4.4,HFRS,101,0,101,0.0,90,48,0,0.0
2004,BEL,Belgium,EURO,50.8,4.4,HFRS,88,0,88,0.0,79,39,0,0.0
2005,BEL,Belgium,EURO,50.8,4.4,HFRS,91,0,91,0.0,74,34,0,0.0
2006,BEL,Belgium,EURO,50.8,4.4,HFRS,114,0,114,0.0,93,48,0,0.0
2007,BEL,Belgium,EURO,50.8,4.4,HFRS,130,1,129,0.0077,117,43,0,0.76
2008,BEL,Belgium,EURO,50.8,4.4,HFRS,132,1,131,0.0076,101,41,0,0.75
2009,BEL,Belgium,EURO,50.8,4.4,HFRS,145,1,144,0.0069,131,55,0,0.68
2010,BEL,Belgium,EURO,50.8,4.4,HFRS,150,1,149,0.0067,120,51,0,0.66
2011,BEL,Belgium,EURO,50.8,4.4,HFRS,97,1,96,0.0103,87,24,0,1.02
2012,BEL,Belgium,EURO,50.8,4.4,HFRS,100,1,99,0.01,82,43,0,0.99
2013,BEL,Belgium,EURO,50.8,4.4,HFRS,121,1,120,0.0083,108,41,0,0.82
2014,BEL,Belgium,EURO,50.8,4.4,HFRS,144,1,143,0.0069,128,65,0,0.69
2015,BEL,Belgium,EURO,50.8,4.4,HFRS,118,1,117,0.0085,93,32,0,0.84
2016,BEL,Belgium,EURO,50.8,4.4,HFRS,126,1,125,0.0079,116,53,0,0.79
2017,BEL,Belgium,EURO,50.8,4.4,HFRS,143,1,142,0.007,134,53,0,0.69
2018,BEL,Belgium,EURO,50.8,4.4,HFRS,107,0,107,0.0,97,45,0,0.0
2019,BEL,Belgium,EURO,50.8,4.4,HFRS,98,0,98,0.0,89,22,0,0.0
2020,BEL,Belgium,EURO,50.8,4.4,HFRS,120,1,119,0.0083,100,32,0,0.83
2021,BEL,Belgium,EURO,50.8,4.4,HFRS,136,1,135,0.0074,116,62,0,0.73
2022,BEL,Belgium,EURO,50.8,4.4,HFRS,108,1,107,0.0093,96,48,0,0.92
2023,BEL,Belgium,EURO,50.8,4.4,HFRS,120,1,119,0.0083,103,38,0,0.83
2024,BEL,Belgium,EURO,50.8,4.4,HFRS,110,1,109,0.0091,85,29,0,0.9
2025,BEL,Belgium,EURO,50.8,4.4,HFRS,106,1,105,0.0094,93,45,0,0.93
2012,GBR,United Kingdom,EURO,51.5,-0.1,HFRS,1,0,1,0.0,0,0,0,0.0
2013,GBR,United Kingdom,EURO,51.5,-0.1,HFRS,2,0,2,0.0,1,0,0,0.0
2014,GBR,United Kingdom,EURO,51.5,-0.1,HFRS,3,0,3,0.0,2,0,0,0.0
2015,GBR,United Kingdom,EURO,51.5,-0.1,HFRS,3,0,3,0.0,2,0,0,0.0
2016,GBR,United Kingdom,EURO,51.5,-0.1,HFRS,2,0,2,0.0,1,0,0,0.0
2017,GBR,United Kingdom,EURO,51.5,-0.1,HFRS,3,0,3,0.0,2,0,0,0.0
2018,GBR,United Kingdom,EURO,51.5,-0.1,HFRS,2,0,2,0.0,1,0,0,0.0
2019,GBR,United Kingdom,EURO,51.5,-0.1,HFRS,1,0,1,0.0,0,0,0,0.0
2020,GBR,United Kingdom,EURO,51.5,-0.1,HFRS,1,0,1,0.0,0,0,0,0.0
2021,GBR,United Kingdom,EURO,51.5,-0.1,HFRS,2,0,2,0.0,1,0,0,0.0
2022,GBR,United Kingdom,EURO,51.5,-0.1,HFRS,2,0,2,0.0,1,0,0,0.0
2023,GBR,United Kingdom,EURO,51.5,-0.1,HFRS,2,0,2,0.0,1,0,0,0.0
2024,GBR,United Kingdom,EURO,51.5,-0.1,HFRS,2,0,2,0.0,1,0,0,0.0
2025,GBR,United Kingdom,EURO,51.5,-0.1,HFRS,3,0,3,0.0,2,0,0,0.0
1985,HRV,Croatia,EURO,45.8,16.0,HFRS,34,0,34,0.0,27,7,0,0.0
1986,HRV,Croatia,EURO,45.8,16.0,HFRS,52,1,51,0.0192,45,14,0,1.89
1987,HRV,Croatia,EURO,45.8,16.0,HFRS,42,1,41,0.0238,33,14,0,2.33
1988,HRV,Croatia,EURO,45.8,16.0,HFRS,63,1,62,0.0159,51,16,0,1.56
1989,HRV,Croatia,EURO,45.8,16.0,HFRS,56,1,55,0.0179,52,14,0,1.75
1990,HRV,Croatia,EURO,45.8,16.0,HFRS,39,0,39,0.0,34,17,0,0.0
1991,HRV,Croatia,EURO,45.8,16.0,HFRS,37,0,37,0.0,32,14,0,0.0
1992,HRV,Croatia,EURO,45.8,16.0,HFRS,43,0,43,0.0,37,12,0,0.0
1993,HRV,Croatia,EURO,45.8,16.0,HFRS,51,1,50,0.0196,42,21,0,1.92
1994,HRV,Croatia,EURO,45.8,16.0,HFRS,49,1,48,0.0204,46,12,0,2.0
1995,HRV,Croatia,EURO,45.8,16.0,HFRS,46,0,46,0.0,35,16,0,0.0
1996,HRV,Croatia,EURO,45.8,16.0,HFRS,68,1,67,0.0147,54,20,0,1.45
1997,HRV,Croatia,EURO,45.8,16.0,HFRS,56,0,56,0.0,48,20,0,0.0
1998,HRV,Croatia,EURO,45.8,16.0,HFRS,50,0,50,0.0,44,12,0,0.0
1999,HRV,Croatia,EURO,45.8,16.0,HFRS,41,1,40,0.0244,36,9,0,2.38
2000,HRV,Croatia,EURO,45.8,16.0,HFRS,48,0,48,0.0,38,12,0,0.0
2001,HRV,Croatia,EURO,45.8,16.0,HFRS,49,0,49,0.0,43,18,0,0.0
2002,HRV,Croatia,EURO,45.8,16.0,HFRS,70,1,69,0.0143,65,32,0,1.41
2003,HRV,Croatia,EURO,45.8,16.0,HFRS,69,1,68,0.0145,64,26,0,1.43
2004,HRV,Croatia,EURO,45.8,16.0,HFRS,45,0,45,0.0,40,18,0,0.0
2005,HRV,Croatia,EURO,45.8,16.0,HFRS,49,0,49,0.0,40,21,0,0.0
2006,HRV,Croatia,EURO,45.8,16.0,HFRS,53,1,52,0.0189,42,15,0,1.85
2007,HRV,Croatia,EURO,45.8,16.0,HFRS,69,1,68,0.0145,62,23,0,1.43
2008,HRV,Croatia,EURO,45.8,16.0,HFRS,70,1,69,0.0143,62,23,0,1.41
2009,HRV,Croatia,EURO,45.8,16.0,HFRS,66,1,65,0.0152,61,16,0,1.49
2010,HRV,Croatia,EURO,45.8,16.0,HFRS,73,1,72,0.0137,61,15,0,1.35
2011,HRV,Croatia,EURO,45.8,16.0,HFRS,50,1,49,0.02,38,15,0,1.96
2012,HRV,Croatia,EURO,45.8,16.0,HFRS,61,0,61,0.0,55,20,0,0.0
2013,HRV,Croatia,EURO,45.8,16.0,HFRS,58,0,58,0.0,45,13,0,0.0
2014,HRV,Croatia,EURO,45.8,16.0,HFRS,47,0,47,0.0,41,21,0,0.0
2015,HRV,Croatia,EURO,45.8,16.0,HFRS,79,1,78,0.0127,60,20,0,1.25
2016,HRV,Croatia,EURO,45.8,16.0,HFRS,64,1,63,0.0156,54,22,0,1.54
2017,HRV,Croatia,EURO,45.8,16.0,HFRS,61,1,60,0.0164,55,26,0,1.61
2018,HRV,Croatia,EURO,45.8,16.0,HFRS,53,1,52,0.0189,49,17,0,1.85
2019,HRV,Croatia,EURO,45.8,16.0,HFRS,50,1,49,0.02,46,23,0,1.96
2020,HRV,Croatia,EURO,45.8,16.0,HFRS,44,0,44,0.0,37,14,0,0.0
2021,HRV,Croatia,EURO,45.8,16.0,HFRS,54,1,53,0.0185,47,23,0,1.82
2022,HRV,Croatia,EURO,45.8,16.0,HFRS,84,1,83,0.0119,70,30,0,1.18
2023,HRV,Croatia,EURO,45.8,16.0,HFRS,61,1,60,0.0164,47,21,0,1.61
2024,HRV,Croatia,EURO,45.8,16.0,HFRS,59,0,59,0.0,46,11,0,0.0
2025,HRV,Croatia,EURO,45.8,16.0,HFRS,67,1,66,0.0149,57,17,0,1.47
1985,SVN,Slovenia,EURO,46.1,14.5,HFRS,20,0,20,0.0,15,7,0,0.0
1986,SVN,Slovenia,EURO,46.1,14.5,HFRS,26,0,26,0.0,20,6,0,0.0
1987,SVN,Slovenia,EURO,46.1,14.5,HFRS,34,0,34,0.0,27,7,0,0.0
1988,SVN,Slovenia,EURO,46.1,14.5,HFRS,33,0,33,0.0,26,13,0,0.0
1989,SVN,Slovenia,EURO,46.1,14.5,HFRS,33,0,33,0.0,27,10,0,0.0
1990,SVN,Slovenia,EURO,46.1,14.5,HFRS,29,0,29,0.0,25,7,0,0.0
1991,SVN,Slovenia,EURO,46.1,14.5,HFRS,26,0,26,0.0,24,10,0,0.0
1992,SVN,Slovenia,EURO,46.1,14.5,HFRS,27,0,27,0.0,23,6,0,0.0
1993,SVN,Slovenia,EURO,46.1,14.5,HFRS,28,0,28,0.0,24,7,0,0.0
1994,SVN,Slovenia,EURO,46.1,14.5,HFRS,33,0,33,0.0,26,10,0,0.0
1995,SVN,Slovenia,EURO,46.1,14.5,HFRS,35,0,35,0.0,31,8,0,0.0
1996,SVN,Slovenia,EURO,46.1,14.5,HFRS,33,0,33,0.0,28,12,0,0.0
1997,SVN,Slovenia,EURO,46.1,14.5,HFRS,26,0,26,0.0,23,9,0,0.0
1998,SVN,Slovenia,EURO,46.1,14.5,HFRS,32,0,32,0.0,29,11,0,0.0
1999,SVN,Slovenia,EURO,46.1,14.5,HFRS,26,0,26,0.0,21,6,0,0.0
2000,SVN,Slovenia,EURO,46.1,14.5,HFRS,38,0,38,0.0,32,8,0,0.0
2001,SVN,Slovenia,EURO,46.1,14.5,HFRS,34,0,34,0.0,31,9,0,0.0
2002,SVN,Slovenia,EURO,46.1,14.5,HFRS,30,0,30,0.0,24,9,0,0.0
2003,SVN,Slovenia,EURO,46.1,14.5,HFRS,44,0,44,0.0,38,10,0,0.0
2004,SVN,Slovenia,EURO,46.1,14.5,HFRS,30,0,30,0.0,25,13,0,0.0
2005,SVN,Slovenia,EURO,46.1,14.5,HFRS,29,0,29,0.0,23,8,0,0.0
2006,SVN,Slovenia,EURO,46.1,14.5,HFRS,28,0,28,0.0,23,8,0,0.0
2007,SVN,Slovenia,EURO,46.1,14.5,HFRS,38,0,38,0.0,33,8,0,0.0
2008,SVN,Slovenia,EURO,46.1,14.5,HFRS,33,0,33,0.0,27,6,0,0.0
2009,SVN,Slovenia,EURO,46.1,14.5,HFRS,46,1,45,0.0217,39,10,0,2.13
2010,SVN,Slovenia,EURO,46.1,14.5,HFRS,43,0,43,0.0,38,18,0,0.0
2011,SVN,Slovenia,EURO,46.1,14.5,HFRS,37,0,37,0.0,28,12,0,0.0
2012,SVN,Slovenia,EURO,46.1,14.5,HFRS,32,0,32,0.0,25,7,0,0.0
2013,SVN,Slovenia,EURO,46.1,14.5,HFRS,38,0,38,0.0,35,16,0,0.0
2014,SVN,Slovenia,EURO,46.1,14.5,HFRS,37,0,37,0.0,34,14,0,0.0
2015,SVN,Slovenia,EURO,46.1,14.5,HFRS,43,0,43,0.0,36,16,0,0.0
2016,SVN,Slovenia,EURO,46.1,14.5,HFRS,37,0,37,0.0,30,9,0,0.0
2017,SVN,Slovenia,EURO,46.1,14.5,HFRS,34,0,34,0.0,31,12,0,0.0
2018,SVN,Slovenia,EURO,46.1,14.5,HFRS,29,0,29,0.0,25,9,0,0.0
2019,SVN,Slovenia,EURO,46.1,14.5,HFRS,37,0,37,0.0,33,10,0,0.0
2020,SVN,Slovenia,EURO,46.1,14.5,HFRS,36,0,36,0.0,33,14,0,0.0
2021,SVN,Slovenia,EURO,46.1,14.5,HFRS,34,0,34,0.0,26,11,0,0.0
2022,SVN,Slovenia,EURO,46.1,14.5,HFRS,36,0,36,0.0,28,12,0,0.0
2023,SVN,Slovenia,EURO,46.1,14.5,HFRS,50,1,49,0.02,45,13,0,1.96
2024,SVN,Slovenia,EURO,46.1,14.5,HFRS,32,0,32,0.0,26,9,0,0.0
2025,SVN,Slovenia,EURO,46.1,14.5,HFRS,28,0,28,0.0,21,10,0,0.0
1995,GRC,Greece,EURO,37.9,23.7,HFRS,14,0,14,0.0,10,4,0,0.0
1996,GRC,Greece,EURO,37.9,23.7,HFRS,14,0,14,0.0,12,4,0,0.0
1997,GRC,Greece,EURO,37.9,23.7,HFRS,16,0,16,0.0,14,7,0,0.0
1998,GRC,Greece,EURO,37.9,23.7,HFRS,11,0,11,0.0,8,2,0,0.0
1999,GRC,Greece,EURO,37.9,23.7,HFRS,16,0,16,0.0,14,6,0,0.0
2000,GRC,Greece,EURO,37.9,23.7,HFRS,17,0,17,0.0,13,3,0,0.0
2001,GRC,Greece,EURO,37.9,23.7,HFRS,16,0,16,0.0,12,4,0,0.0
2002,GRC,Greece,EURO,37.9,23.7,HFRS,20,0,20,0.0,16,7,0,0.0
2003,GRC,Greece,EURO,37.9,23.7,HFRS,13,0,13,0.0,11,4,0,0.0
2004,GRC,Greece,EURO,37.9,23.7,HFRS,16,0,16,0.0,14,6,0,0.0
2005,GRC,Greece,EURO,37.9,23.7,HFRS,13,0,13,0.0,11,4,0,0.0
2006,GRC,Greece,EURO,37.9,23.7,HFRS,14,0,14,0.0,12,4,0,0.0
2007,GRC,Greece,EURO,37.9,23.7,HFRS,17,0,17,0.0,13,5,0,0.0
2008,GRC,Greece,EURO,37.9,23.7,HFRS,21,0,21,0.0,17,6,0,0.0
2009,GRC,Greece,EURO,37.9,23.7,HFRS,16,0,16,0.0,15,6,0,0.0
2010,GRC,Greece,EURO,37.9,23.7,HFRS,19,0,19,0.0,16,4,0,0.0
2011,GRC,Greece,EURO,37.9,23.7,HFRS,14,0,14,0.0,12,4,0,0.0
2012,GRC,Greece,EURO,37.9,23.7,HFRS,17,0,17,0.0,14,6,0,0.0
2013,GRC,Greece,EURO,37.9,23.7,HFRS,16,0,16,0.0,12,3,0,0.0
2014,GRC,Greece,EURO,37.9,23.7,HFRS,18,0,18,0.0,14,6,0,0.0
2015,GRC,Greece,EURO,37.9,23.7,HFRS,18,0,18,0.0,16,4,0,0.0
2016,GRC,Greece,EURO,37.9,23.7,HFRS,15,0,15,0.0,13,5,0,0.0
2017,GRC,Greece,EURO,37.9,23.7,HFRS,21,0,21,0.0,19,7,0,0.0
2018,GRC,Greece,EURO,37.9,23.7,HFRS,15,0,15,0.0,11,4,0,0.0
2019,GRC,Greece,EURO,37.9,23.7,HFRS,13,0,13,0.0,11,4,0,0.0
2020,GRC,Greece,EURO,37.9,23.7,HFRS,13,0,13,0.0,9,3,0,0.0
2021,GRC,Greece,EURO,37.9,23.7,HFRS,14,0,14,0.0,12,6,0,0.0
2022,GRC,Greece,EURO,37.9,23.7,HFRS,21,0,21,0.0,19,9,0,0.0
2023,GRC,Greece,EURO,37.9,23.7,HFRS,17,0,17,0.0,13,6,0,0.0
2024,GRC,Greece,EURO,37.9,23.7,HFRS,23,0,23,0.0,21,9,0,0.0
2025,GRC,Greece,EURO,37.9,23.7,HFRS,21,0,21,0.0,19,5,0,0.0
1995,BGR,Bulgaria,EURO,42.7,23.3,HFRS,10,0,10,0.0,9,4,0,0.0
1996,BGR,Bulgaria,EURO,42.7,23.3,HFRS,11,0,11,0.0,8,2,0,0.0
1997,BGR,Bulgaria,EURO,42.7,23.3,HFRS,7,0,7,0.0,5,1,0,0.0
1998,BGR,Bulgaria,EURO,42.7,23.3,HFRS,7,0,7,0.0,5,1,0,0.0
1999,BGR,Bulgaria,EURO,42.7,23.3,HFRS,11,0,11,0.0,10,3,0,0.0
2000,BGR,Bulgaria,EURO,42.7,23.3,HFRS,8,0,8,0.0,6,2,0,0.0
2001,BGR,Bulgaria,EURO,42.7,23.3,HFRS,9,0,9,0.0,7,2,0,0.0
2002,BGR,Bulgaria,EURO,42.7,23.3,HFRS,13,0,13,0.0,10,4,0,0.0
2003,BGR,Bulgaria,EURO,42.7,23.3,HFRS,9,0,9,0.0,8,2,0,0.0
2004,BGR,Bulgaria,EURO,42.7,23.3,HFRS,7,0,7,0.0,5,2,0,0.0
2005,BGR,Bulgaria,EURO,42.7,23.3,HFRS,10,0,10,0.0,8,3,0,0.0
2006,BGR,Bulgaria,EURO,42.7,23.3,HFRS,7,0,7,0.0,5,1,0,0.0
2007,BGR,Bulgaria,EURO,42.7,23.3,HFRS,7,0,7,0.0,5,2,0,0.0
2008,BGR,Bulgaria,EURO,42.7,23.3,HFRS,9,0,9,0.0,7,3,0,0.0
2009,BGR,Bulgaria,EURO,42.7,23.3,HFRS,12,0,12,0.0,10,5,0,0.0
2010,BGR,Bulgaria,EURO,42.7,23.3,HFRS,9,0,9,0.0,8,4,0,0.0
2011,BGR,Bulgaria,EURO,42.7,23.3,HFRS,11,0,11,0.0,8,3,0,0.0
2012,BGR,Bulgaria,EURO,42.7,23.3,HFRS,10,0,10,0.0,8,4,0,0.0
2013,BGR,Bulgaria,EURO,42.7,23.3,HFRS,9,0,9,0.0,7,2,0,0.0
2014,BGR,Bulgaria,EURO,42.7,23.3,HFRS,10,0,10,0.0,7,2,0,0.0
2015,BGR,Bulgaria,EURO,42.7,23.3,HFRS,14,0,14,0.0,12,5,0,0.0
2016,BGR,Bulgaria,EURO,42.7,23.3,HFRS,12,0,12,0.0,9,3,0,0.0
2017,BGR,Bulgaria,EURO,42.7,23.3,HFRS,11,0,11,0.0,8,3,0,0.0
2018,BGR,Bulgaria,EURO,42.7,23.3,HFRS,9,0,9,0.0,7,2,0,0.0
2019,BGR,Bulgaria,EURO,42.7,23.3,HFRS,11,0,11,0.0,10,5,0,0.0
2020,BGR,Bulgaria,EURO,42.7,23.3,HFRS,10,0,10,0.0,8,3,0,0.0
2021,BGR,Bulgaria,EURO,42.7,23.3,HFRS,11,0,11,0.0,9,4,0,0.0
2022,BGR,Bulgaria,EURO,42.7,23.3,HFRS,14,0,14,0.0,12,3,0,0.0
2023,BGR,Bulgaria,EURO,42.7,23.3,HFRS,12,0,12,0.0,9,2,0,0.0
2024,BGR,Bulgaria,EURO,42.7,23.3,HFRS,9,0,9,0.0,8,3,0,0.0
2025,BGR,Bulgaria,EURO,42.7,23.3,HFRS,12,0,12,0.0,10,3,0,0.0
1990,NOR,Norway,EURO,59.9,10.7,HFRS,36,0,36,0.0,33,8,0,0.0
1991,NOR,Norway,EURO,59.9,10.7,HFRS,38,0,38,0.0,30,15,0,0.0
1992,NOR,Norway,EURO,59.9,10.7,HFRS,43,0,43,0.0,38,11,0,0.0
1993,NOR,Norway,EURO,59.9,10.7,HFRS,50,0,50,0.0,43,23,0,0.0
1994,NOR,Norway,EURO,59.9,10.7,HFRS,64,0,64,0.0,58,17,0,0.0
1995,NOR,Norway,EURO,59.9,10.7,HFRS,45,0,45,0.0,36,14,0,0.0
1996,NOR,Norway,EURO,59.9,10.7,HFRS,58,0,58,0.0,49,19,0,0.0
1997,NOR,Norway,EURO,59.9,10.7,HFRS,37,0,37,0.0,31,11,0,0.0
1998,NOR,Norway,EURO,59.9,10.7,HFRS,52,0,52,0.0,39,15,0,0.0
1999,NOR,Norway,EURO,59.9,10.7,HFRS,40,0,40,0.0,35,9,0,0.0
2000,NOR,Norway,EURO,59.9,10.7,HFRS,56,0,56,0.0,43,15,0,0.0
2001,NOR,Norway,EURO,59.9,10.7,HFRS,69,0,69,0.0,62,17,0,0.0
2002,NOR,Norway,EURO,59.9,10.7,HFRS,70,0,70,0.0,61,25,0,0.0
2003,NOR,Norway,EURO,59.9,10.7,HFRS,70,0,70,0.0,53,13,0,0.0
2004,NOR,Norway,EURO,59.9,10.7,HFRS,59,0,59,0.0,53,16,0,0.0
2005,NOR,Norway,EURO,59.9,10.7,HFRS,43,0,43,0.0,40,18,0,0.0
2006,NOR,Norway,EURO,59.9,10.7,HFRS,59,0,59,0.0,51,23,0,0.0
2007,NOR,Norway,EURO,59.9,10.7,HFRS,50,0,50,0.0,46,23,0,0.0
2008,NOR,Norway,EURO,59.9,10.7,HFRS,70,0,70,0.0,56,30,0,0.0
2009,NOR,Norway,EURO,59.9,10.7,HFRS,49,0,49,0.0,43,18,0,0.0
2010,NOR,Norway,EURO,59.9,10.7,HFRS,75,0,75,0.0,61,16,0,0.0
2011,NOR,Norway,EURO,59.9,10.7,HFRS,52,0,52,0.0,42,21,0,0.0
2012,NOR,Norway,EURO,59.9,10.7,HFRS,60,0,60,0.0,49,25,0,0.0
2013,NOR,Norway,EURO,59.9,10.7,HFRS,40,0,40,0.0,31,13,0,0.0
2014,NOR,Norway,EURO,59.9,10.7,HFRS,48,0,48,0.0,40,16,0,0.0
2015,NOR,Norway,EURO,59.9,10.7,HFRS,58,0,58,0.0,51,24,0,0.0
2016,NOR,Norway,EURO,59.9,10.7,HFRS,77,0,77,0.0,71,35,0,0.0
2017,NOR,Norway,EURO,59.9,10.7,HFRS,72,0,72,0.0,54,16,0,0.0
2018,NOR,Norway,EURO,59.9,10.7,HFRS,61,0,61,0.0,50,25,0,0.0
2019,NOR,Norway,EURO,59.9,10.7,HFRS,62,0,62,0.0,50,22,0,0.0
2020,NOR,Norway,EURO,59.9,10.7,HFRS,47,0,47,0.0,36,12,0,0.0
2021,NOR,Norway,EURO,59.9,10.7,HFRS,59,0,59,0.0,45,21,0,0.0
2022,NOR,Norway,EURO,59.9,10.7,HFRS,71,0,71,0.0,60,20,0,0.0
2023,NOR,Norway,EURO,59.9,10.7,HFRS,75,0,75,0.0,58,16,0,0.0
2024,NOR,Norway,EURO,59.9,10.7,HFRS,68,0,68,0.0,55,25,0,0.0
2025,NOR,Norway,EURO,59.9,10.7,HFRS,63,0,63,0.0,57,23,0,0.0
2016,SGP,Singapore,WPRO,1.3,103.8,HFRS,2,0,2,0.0,1,0,0,0.0
2017,SGP,Singapore,WPRO,1.3,103.8,HFRS,1,0,1,0.0,0,0,0,0.0
2018,SGP,Singapore,WPRO,1.3,103.8,HFRS,1,0,1,0.0,0,0,0,0.0
2019,SGP,Singapore,WPRO,1.3,103.8,HFRS,1,0,1,0.0,0,0,0,0.0
2020,SGP,Singapore,WPRO,1.3,103.8,HFRS,1,0,1,0.0,0,0,0,0.0
2021,SGP,Singapore,WPRO,1.3,103.8,HFRS,1,0,1,0.0,0,0,0,0.0
2022,SGP,Singapore,WPRO,1.3,103.8,HFRS,2,0,2,0.0,1,0,0,0.0
2023,SGP,Singapore,WPRO,1.3,103.8,HFRS,1,0,1,0.0,0,0,0,0.0
2024,SGP,Singapore,WPRO,1.3,103.8,HFRS,2,0,2,0.0,1,0,0,0.0
2025,SGP,Singapore,WPRO,1.3,103.8,HFRS,1,0,1,0.0,0,0,0,0.0
